-- MySQL dump 10.13  Distrib 5.7.22, for Linux (x86_64)
--
-- Host: localhost    Database: financeiro
-- ------------------------------------------------------
-- Server version	5.7.22

/*!40101 SET @OLD_CHARACTER_SET_CLIENT=@@CHARACTER_SET_CLIENT */;
/*!40101 SET @OLD_CHARACTER_SET_RESULTS=@@CHARACTER_SET_RESULTS */;
/*!40101 SET @OLD_COLLATION_CONNECTION=@@COLLATION_CONNECTION */;
/*!40101 SET NAMES utf8 */;
/*!40103 SET @OLD_TIME_ZONE=@@TIME_ZONE */;
/*!40103 SET TIME_ZONE='+00:00' */;
/*!40014 SET @OLD_UNIQUE_CHECKS=@@UNIQUE_CHECKS, UNIQUE_CHECKS=0 */;
/*!40014 SET @OLD_FOREIGN_KEY_CHECKS=@@FOREIGN_KEY_CHECKS, FOREIGN_KEY_CHECKS=0 */;
/*!40101 SET @OLD_SQL_MODE=@@SQL_MODE, SQL_MODE='NO_AUTO_VALUE_ON_ZERO' */;
/*!40111 SET @OLD_SQL_NOTES=@@SQL_NOTES, SQL_NOTES=0 */;

--
-- Table structure for table `account_types`
--

DROP TABLE IF EXISTS `account_types`;
/*!40101 SET @saved_cs_client     = @@character_set_client */;
/*!40101 SET character_set_client = utf8 */;
CREATE TABLE `account_types` (
  `id` int(10) unsigned NOT NULL AUTO_INCREMENT,
  `unique_name` varchar(70) COLLATE utf8_unicode_ci NOT NULL,
  `created_at` timestamp NULL DEFAULT NULL,
  `updated_at` timestamp NULL DEFAULT NULL,
  PRIMARY KEY (`id`),
  UNIQUE KEY `account_types_unique_name_unique` (`unique_name`)
) ENGINE=InnoDB AUTO_INCREMENT=3 DEFAULT CHARSET=utf8 COLLATE=utf8_unicode_ci;
/*!40101 SET character_set_client = @saved_cs_client */;

--
-- Dumping data for table `account_types`
--

LOCK TABLES `account_types` WRITE;
/*!40000 ALTER TABLE `account_types` DISABLE KEYS */;
INSERT INTO `account_types` VALUES (1,'owner','2018-01-13 06:24:56','2018-01-13 06:24:56'),(2,'guest','2018-01-13 06:24:56','2018-01-13 06:24:56');
/*!40000 ALTER TABLE `account_types` ENABLE KEYS */;
UNLOCK TABLES;

--
-- Table structure for table `accounts`
--

DROP TABLE IF EXISTS `accounts`;
/*!40101 SET @saved_cs_client     = @@character_set_client */;
/*!40101 SET character_set_client = utf8 */;
CREATE TABLE `accounts` (
  `id` int(10) unsigned NOT NULL AUTO_INCREMENT,
  `account_type_id` int(10) unsigned NOT NULL,
  `status` smallint(5) unsigned NOT NULL DEFAULT '1',
  `created_at` timestamp NULL DEFAULT NULL,
  `updated_at` timestamp NULL DEFAULT NULL,
  PRIMARY KEY (`id`),
  KEY `accounts_account_type_id_foreign` (`account_type_id`),
  CONSTRAINT `accounts_account_type_id_foreign` FOREIGN KEY (`account_type_id`) REFERENCES `account_types` (`id`)
) ENGINE=InnoDB AUTO_INCREMENT=6 DEFAULT CHARSET=utf8 COLLATE=utf8_unicode_ci;
/*!40101 SET character_set_client = @saved_cs_client */;

--
-- Dumping data for table `accounts`
--

LOCK TABLES `accounts` WRITE;
/*!40000 ALTER TABLE `accounts` DISABLE KEYS */;
INSERT INTO `accounts` VALUES (1,1,1,'2018-01-13 06:24:56','2018-01-13 06:24:56'),(2,1,1,'2018-01-14 07:00:15','2018-01-14 07:00:15'),(3,1,1,'2018-01-14 07:01:40','2018-01-14 07:01:40'),(5,1,1,'2018-01-14 07:16:58','2018-01-14 07:16:58');
/*!40000 ALTER TABLE `accounts` ENABLE KEYS */;
UNLOCK TABLES;

--
-- Table structure for table `categories`
--

DROP TABLE IF EXISTS `categories`;
/*!40101 SET @saved_cs_client     = @@character_set_client */;
/*!40101 SET character_set_client = utf8 */;
CREATE TABLE `categories` (
  `id` int(10) unsigned NOT NULL AUTO_INCREMENT,
  `account_id` int(10) unsigned NOT NULL,
  `name` varchar(255) COLLATE utf8_unicode_ci NOT NULL,
  `status` smallint(5) unsigned NOT NULL DEFAULT '1',
  `created_at` timestamp NULL DEFAULT NULL,
  `updated_at` timestamp NULL DEFAULT NULL,
  PRIMARY KEY (`id`),
  KEY `categories_account_id_foreign` (`account_id`),
  CONSTRAINT `categories_account_id_foreign` FOREIGN KEY (`account_id`) REFERENCES `accounts` (`id`)
) ENGINE=InnoDB AUTO_INCREMENT=61 DEFAULT CHARSET=utf8 COLLATE=utf8_unicode_ci;
/*!40101 SET character_set_client = @saved_cs_client */;

--
-- Dumping data for table `categories`
--

LOCK TABLES `categories` WRITE;
/*!40000 ALTER TABLE `categories` DISABLE KEYS */;
INSERT INTO `categories` VALUES (1,1,'Undefined',1,'2018-01-13 06:24:57','2018-01-13 06:24:57'),(2,1,'Salary',1,'2018-01-13 06:24:57','2018-07-17 05:22:03'),(3,1,'Savings',1,'2018-01-13 06:24:57','2018-01-13 06:24:57'),(4,1,'Tenancy',1,'2018-01-13 06:24:57','2018-01-13 06:24:57'),(5,1,'University',1,'2018-01-13 06:24:57','2018-01-13 06:24:57'),(6,1,'Loan',1,'2018-01-13 06:24:57','2018-01-13 06:24:57'),(7,1,'Teka Maria',1,'2018-01-13 06:24:57','2018-01-13 06:24:57'),(8,1,'Drug Store',1,'2018-01-13 06:24:57','2018-01-13 06:24:57'),(9,1,'Fun',1,'2018-01-13 06:24:57','2018-01-13 06:24:57'),(10,1,'House',1,'2018-01-13 06:24:57','2018-01-13 06:24:57'),(11,1,'Cable TV',1,'2018-01-13 06:24:58','2018-01-13 06:24:58'),(12,1,'Mobile',1,'2018-01-13 06:24:58','2018-01-13 06:24:58'),(13,1,'Energy',1,'2018-01-13 06:24:58','2018-01-13 06:24:58'),(14,1,'Bank Transfer',1,'2018-01-13 06:24:58','2018-01-13 06:24:58'),(15,1,'Ricardo Lunch',1,'2018-01-13 06:24:58','2018-01-13 06:24:58'),(16,1,'Amanda Lunch',1,'2018-01-13 06:24:58','2018-01-13 06:24:58'),(17,1,'Family Lunch',1,'2018-01-13 06:24:58','2018-01-13 06:24:58'),(18,1,'Supermarket',1,'2018-01-13 06:24:58','2018-01-13 06:24:58'),(19,1,'Health',1,'2018-01-13 06:24:58','2018-01-13 06:24:58'),(20,1,'Other',1,'2018-01-14 05:48:02','2018-01-14 05:48:02'),(40,5,'Undefined',1,'2018-01-14 07:16:58','2018-01-14 07:16:58'),(41,5,'Salary',1,'2018-01-14 07:16:58','2018-01-14 07:16:58'),(42,5,'Savings',1,'2018-01-14 07:16:58','2018-01-14 07:16:58'),(43,5,'Tenancy',1,'2018-01-14 07:16:58','2018-01-14 07:16:58'),(44,5,'University',1,'2018-01-14 07:16:58','2018-01-14 07:16:58'),(45,5,'Loan',1,'2018-01-14 07:16:58','2018-01-14 07:16:58'),(46,5,'Teka Maria',1,'2018-01-14 07:16:58','2018-01-14 07:16:58'),(47,5,'Drug Store',1,'2018-01-14 07:16:58','2018-01-14 07:16:58'),(48,5,'Fun',1,'2018-01-14 07:16:58','2018-01-14 07:16:58'),(49,5,'House',1,'2018-01-14 07:16:58','2018-01-14 07:16:58'),(50,5,'Cable TV',1,'2018-01-14 07:16:58','2018-01-14 07:16:58'),(51,5,'Mobile',1,'2018-01-14 07:16:58','2018-01-14 07:16:58'),(52,5,'Energy',1,'2018-01-14 07:16:58','2018-01-14 07:16:58'),(53,5,'Bank Transfer',1,'2018-01-14 07:16:59','2018-01-14 07:16:59'),(54,5,'Ricardo Lunch',1,'2018-01-14 07:16:59','2018-01-14 07:16:59'),(55,5,'Amanda Lunch',1,'2018-01-14 07:16:59','2018-01-14 07:16:59'),(56,5,'Family Lunch',1,'2018-01-14 07:16:59','2018-01-14 07:16:59'),(57,5,'Supermarket',1,'2018-01-14 07:16:59','2018-01-14 07:16:59'),(58,5,'Health',1,'2018-01-14 07:16:59','2018-01-14 07:16:59'),(59,1,'Transportation',1,'2018-01-18 05:30:00','2018-01-18 05:30:00'),(60,1,'Studies Ricardo',1,'2018-02-03 06:15:00','2018-02-03 06:15:00');
/*!40000 ALTER TABLE `categories` ENABLE KEYS */;
UNLOCK TABLES;

--
-- Table structure for table `incomes`
--

DROP TABLE IF EXISTS `incomes`;
/*!40101 SET @saved_cs_client     = @@character_set_client */;
/*!40101 SET character_set_client = utf8 */;
CREATE TABLE `incomes` (
  `id` int(10) unsigned NOT NULL AUTO_INCREMENT,
  `account_id` int(10) unsigned NOT NULL,
  `user_id` int(10) unsigned NOT NULL,
  `values` decimal(14,2) NOT NULL,
  `status` smallint(5) unsigned NOT NULL DEFAULT '1',
  `created_at` timestamp NULL DEFAULT NULL,
  `updated_at` timestamp NULL DEFAULT NULL,
  PRIMARY KEY (`id`),
  KEY `incomes_account_id_foreign` (`account_id`),
  KEY `incomes_user_id_foreign` (`user_id`),
  CONSTRAINT `incomes_account_id_foreign` FOREIGN KEY (`account_id`) REFERENCES `accounts` (`id`),
  CONSTRAINT `incomes_user_id_foreign` FOREIGN KEY (`user_id`) REFERENCES `users` (`id`)
) ENGINE=InnoDB DEFAULT CHARSET=utf8 COLLATE=utf8_unicode_ci;
/*!40101 SET character_set_client = @saved_cs_client */;

--
-- Dumping data for table `incomes`
--

LOCK TABLES `incomes` WRITE;
/*!40000 ALTER TABLE `incomes` DISABLE KEYS */;
/*!40000 ALTER TABLE `incomes` ENABLE KEYS */;
UNLOCK TABLES;

--
-- Table structure for table `migrations`
--

DROP TABLE IF EXISTS `migrations`;
/*!40101 SET @saved_cs_client     = @@character_set_client */;
/*!40101 SET character_set_client = utf8 */;
CREATE TABLE `migrations` (
  `id` int(10) unsigned NOT NULL AUTO_INCREMENT,
  `migration` varchar(255) COLLATE utf8_unicode_ci NOT NULL,
  `batch` int(11) NOT NULL,
  PRIMARY KEY (`id`)
) ENGINE=InnoDB AUTO_INCREMENT=38 DEFAULT CHARSET=utf8 COLLATE=utf8_unicode_ci;
/*!40101 SET character_set_client = @saved_cs_client */;

--
-- Dumping data for table `migrations`
--

LOCK TABLES `migrations` WRITE;
/*!40000 ALTER TABLE `migrations` DISABLE KEYS */;
INSERT INTO `migrations` VALUES (23,'2014_10_12_100000_create_password_resets_table',1),(24,'2017_01_16_000001_create_account_types_table',1),(25,'2017_01_16_000002_create_accounts_table',1),(26,'2017_01_16_000003_create_users_table',1),(27,'2017_01_16_000004_create_categories_table',1),(28,'2017_01_16_000005_create_transaction_types_table',1),(29,'2017_01_16_000006_create_incomes_table',1),(30,'2017_01_16_000007_create_transaction_references_table',1),(31,'2017_01_16_000008_create_provisions_table',1),(32,'2017_01_16_000009_create_provision_dates_table',1),(33,'2017_01_16_000010_create_transactions_table',1),(36,'2018_03_11_025828_drop_provision_dates_table',2),(37,'2018_03_11_025857_change_provision_table_add_dates',3);
/*!40000 ALTER TABLE `migrations` ENABLE KEYS */;
UNLOCK TABLES;

--
-- Table structure for table `password_resets`
--

DROP TABLE IF EXISTS `password_resets`;
/*!40101 SET @saved_cs_client     = @@character_set_client */;
/*!40101 SET character_set_client = utf8 */;
CREATE TABLE `password_resets` (
  `email` varchar(255) COLLATE utf8_unicode_ci NOT NULL,
  `token` varchar(255) COLLATE utf8_unicode_ci NOT NULL,
  `created_at` timestamp NULL DEFAULT NULL,
  KEY `password_resets_email_index` (`email`),
  KEY `password_resets_token_index` (`token`)
) ENGINE=InnoDB DEFAULT CHARSET=utf8 COLLATE=utf8_unicode_ci;
/*!40101 SET character_set_client = @saved_cs_client */;

--
-- Dumping data for table `password_resets`
--

LOCK TABLES `password_resets` WRITE;
/*!40000 ALTER TABLE `password_resets` DISABLE KEYS */;
/*!40000 ALTER TABLE `password_resets` ENABLE KEYS */;
UNLOCK TABLES;

--
-- Table structure for table `provisions`
--

DROP TABLE IF EXISTS `provisions`;
/*!40101 SET @saved_cs_client     = @@character_set_client */;
/*!40101 SET character_set_client = utf8 */;
CREATE TABLE `provisions` (
  `id` int(10) unsigned NOT NULL AUTO_INCREMENT,
  `category_id` int(10) unsigned NOT NULL,
  `transaction_type_id` int(10) unsigned NOT NULL,
  `account_id` int(10) unsigned NOT NULL,
  `user_id` int(10) unsigned NOT NULL,
  `value` decimal(14,2) NOT NULL,
  `start_at` date NOT NULL,
  `valid_until` date NOT NULL,
  `status` smallint(5) unsigned NOT NULL DEFAULT '1',
  `created_at` timestamp NULL DEFAULT NULL,
  `updated_at` timestamp NULL DEFAULT NULL,
  PRIMARY KEY (`id`),
  KEY `provisions_category_id_foreign` (`category_id`),
  KEY `provisions_transaction_type_id_foreign` (`transaction_type_id`),
  KEY `provisions_account_id_foreign` (`account_id`),
  KEY `provisions_user_id_foreign` (`user_id`),
  CONSTRAINT `provisions_account_id_foreign` FOREIGN KEY (`account_id`) REFERENCES `accounts` (`id`),
  CONSTRAINT `provisions_category_id_foreign` FOREIGN KEY (`category_id`) REFERENCES `categories` (`id`),
  CONSTRAINT `provisions_transaction_type_id_foreign` FOREIGN KEY (`transaction_type_id`) REFERENCES `transaction_types` (`id`),
  CONSTRAINT `provisions_user_id_foreign` FOREIGN KEY (`user_id`) REFERENCES `users` (`id`)
) ENGINE=InnoDB AUTO_INCREMENT=11 DEFAULT CHARSET=utf8 COLLATE=utf8_unicode_ci;
/*!40101 SET character_set_client = @saved_cs_client */;

--
-- Dumping data for table `provisions`
--

LOCK TABLES `provisions` WRITE;
/*!40000 ALTER TABLE `provisions` DISABLE KEYS */;
INSERT INTO `provisions` VALUES (1,6,2,1,1,3100.00,'2001-03-01','2018-06-30',1,'2018-03-11 03:30:21','2018-07-23 20:39:40'),(2,9,2,1,1,150.00,'2000-01-01','3000-01-01',1,'2018-03-11 03:30:21',NULL),(3,5,2,1,3,100.00,'2000-01-01','3000-01-01',1,'2018-03-11 03:30:21',NULL),(4,2,1,1,2,4210.56,'2000-01-01','2018-07-31',1,'2018-03-11 03:30:21','2018-08-19 06:25:15'),(5,4,2,1,2,1425.00,'2000-01-01','3018-12-31',1,'2018-03-11 03:30:21','2018-07-17 21:46:26'),(7,5,2,1,3,100.00,'2000-01-01','3000-01-01',1,'2018-03-11 03:30:21',NULL),(8,7,2,1,3,300.00,'2000-01-01','3000-01-01',1,'2018-03-11 03:30:21',NULL),(9,6,2,1,2,3100.00,'2018-07-01','3001-01-31',1,'2018-07-23 20:39:52','2018-07-23 20:39:52'),(10,2,1,1,2,4957.82,'2018-08-01','3000-01-31',1,'2018-08-19 06:25:15','2018-08-19 06:25:15');
/*!40000 ALTER TABLE `provisions` ENABLE KEYS */;
UNLOCK TABLES;

--
-- Table structure for table `transaction_references`
--

DROP TABLE IF EXISTS `transaction_references`;
/*!40101 SET @saved_cs_client     = @@character_set_client */;
/*!40101 SET character_set_client = utf8 */;
CREATE TABLE `transaction_references` (
  `id` int(10) unsigned NOT NULL AUTO_INCREMENT,
  `description` varchar(255) COLLATE utf8_unicode_ci NOT NULL,
  `account_id` int(10) unsigned NOT NULL,
  `user_id` int(10) unsigned NOT NULL,
  `category_id` int(10) unsigned NOT NULL DEFAULT '0',
  `created_at` timestamp NULL DEFAULT NULL,
  `updated_at` timestamp NULL DEFAULT NULL,
  PRIMARY KEY (`id`),
  KEY `transaction_references_account_id_foreign` (`account_id`),
  KEY `transaction_references_user_id_foreign` (`user_id`),
  CONSTRAINT `transaction_references_account_id_foreign` FOREIGN KEY (`account_id`) REFERENCES `accounts` (`id`),
  CONSTRAINT `transaction_references_user_id_foreign` FOREIGN KEY (`user_id`) REFERENCES `users` (`id`)
) ENGINE=InnoDB AUTO_INCREMENT=262 DEFAULT CHARSET=utf8 COLLATE=utf8_unicode_ci;
/*!40101 SET character_set_client = @saved_cs_client */;

--
-- Dumping data for table `transaction_references`
--

LOCK TABLES `transaction_references` WRITE;
/*!40000 ALTER TABLE `transaction_references` DISABLE KEYS */;
INSERT INTO `transaction_references` VALUES (1,'Online Transfer to Deposit Account',3,2,1,'2018-01-18 05:21:22','2018-03-15 06:04:45'),(2,'ATMwithdrawal VG',1,2,2,'2018-01-18 05:21:23','2018-03-15 06:06:57'),(3,'Cash withdrawal CASH WITHDRAWAL',1,2,1,'2018-01-18 05:21:23','2018-01-18 05:30:45'),(4,'Capilano Univer',1,2,5,'2018-01-18 05:21:23','2018-01-18 05:30:45'),(5,'ATMwithdrawal VD',1,2,10,'2018-01-18 05:21:23','2018-01-18 05:40:41'),(6,'Interac purchase WALMART',1,2,18,'2018-01-18 05:21:23','2018-01-18 05:30:45'),(7,'Interac purchase NORTH VANCOUVER',1,2,1,'2018-01-18 05:21:23','2018-01-18 05:40:41'),(8,'Cash withdrawal CASH WITHDRAWAL Aplicação Capilano',1,2,5,'2018-01-18 05:23:01','2018-01-18 05:30:46'),(9,'Online Banking transfer',1,2,1,'2018-01-18 05:23:01','2018-01-18 05:30:46'),(10,'MOUNTAIN WAREHOUSE RICHMOND BC',1,2,10,'2018-01-18 05:23:01','2018-01-18 05:30:46'),(11,'Cable TV Bill Pmt SHAW CABLE TV',1,2,11,'2018-01-18 05:23:01','2018-01-18 05:30:46'),(12,'Online Banking payment MSP GROUP',1,2,19,'2018-01-18 05:23:01','2018-01-18 05:30:46'),(13,'SHOE WAREHOUSE NORTH VANCOUVBC',1,2,10,'2018-01-18 05:23:01','2018-01-18 05:30:46'),(14,'SEARS CAPILANO VANCOUVER NORTH VANCOUVBC',1,2,5,'2018-01-18 05:23:01','2018-01-18 05:30:46'),(15,'COMPASS AUTOLOAD BC',1,2,59,'2018-01-18 05:23:01','2018-01-18 05:30:46'),(16,'MR. PETS NORTH VANCOUVNORTH VANCOUVBC',1,2,7,'2018-01-18 05:23:01','2018-01-18 05:40:41'),(17,'WALMART SUPERCENTERVANCOUVER BC',1,2,18,'2018-01-18 05:23:01','2018-01-18 05:30:46'),(18,'BOSLEYS BY PET VALU NORTH VANCOUVBC',1,2,7,'2018-01-18 05:23:01','2018-01-18 05:40:41'),(19,'Interac purchase WHITE SPOT',1,2,17,'2018-01-18 05:23:01','2018-01-18 05:40:41'),(20,'Interac purchase PINE SUSHI SQUA',1,2,17,'2018-01-18 05:23:01','2018-01-18 05:40:41'),(21,'HUDSON HOUSE TR Pulseira Amanda',1,2,10,'2018-01-18 05:23:01','2018-01-18 05:40:41'),(22,'CENTRAL LONSDAL',1,2,1,'2018-01-18 05:23:01','2018-01-18 05:40:42'),(23,'FREEDOM MOBILE INC ON',1,2,12,'2018-01-18 05:23:01','2018-01-18 05:40:42'),(24,'ALHADBAH MEDITERRANEAN FVANCOUVER BC',1,2,15,'2018-01-18 05:23:01','2018-01-18 05:40:42'),(25,'WHITE SPOT VANCOUVER BC',1,2,17,'2018-01-18 05:23:01','2018-01-18 05:47:00'),(26,'POK¾ TIME. VANCOUVER BC',1,2,15,'2018-01-18 05:23:01','2018-01-18 05:40:42'),(27,'VIETSUB VIETNAMESE CUISINVANCOUVER BC',1,2,15,'2018-01-18 05:23:02','2018-01-18 05:40:42'),(28,'CAFE VILLAGGIO VANCOUVER BC',1,2,15,'2018-01-18 05:23:02','2018-01-18 05:47:01'),(29,'Interac purchase LONSDALE VETERI',1,2,7,'2018-01-18 05:23:02','2018-01-18 05:40:42'),(30,'Interac purchase LONDON DRUGS',1,2,19,'2018-01-18 05:23:02','2018-01-18 05:40:42'),(31,'VICTORIAS SECRET VANCOUVER BC',1,2,10,'2018-01-18 05:23:02','2018-01-18 05:40:42'),(32,'LONDON DRUGS',1,2,19,'2018-01-18 05:23:02','2018-01-18 05:47:01'),(33,'YIG CITY MARKET LONS N VANCOUVER BC',1,2,18,'2018-01-18 05:23:02','2018-01-18 05:40:42'),(34,'VIETSUB VIETNAM',1,2,15,'2018-01-18 05:23:02','2018-01-18 05:47:01'),(35,'PETSMART INC.',1,2,7,'2018-01-18 05:23:02','2018-01-18 05:40:42'),(36,'CHARTWELLSCAPILANO U NORTH VANCOUVBC',1,2,5,'2018-01-18 05:23:02','2018-01-18 05:40:42'),(37,'WWW.CAPILANOU.CA NORTH VANCOUVBC',1,2,5,'2018-01-18 05:23:02','2018-01-18 05:47:01'),(38,'Interac purchase COMPASS VENDING',1,2,59,'2018-01-18 05:23:02','2018-01-18 05:47:01'),(39,'DOLLARAMA',1,2,10,'2018-01-18 05:23:02','2018-01-18 05:40:43'),(40,'COKE_',1,2,17,'2018-01-18 05:23:02','2018-01-18 05:47:01'),(41,'LONDON DRUGS NORTH VANCOUVBC',1,2,19,'2018-01-18 05:23:02','2018-01-18 05:40:43'),(42,'Interac purchase YIG CITY MARKET',1,2,18,'2018-01-18 05:23:02','2018-01-18 05:47:02'),(43,'Cheque',1,2,4,'2018-01-18 05:23:02','2018-01-18 05:40:43'),(44,'Interac purchase IKEA RICHMOND',1,2,10,'2018-01-18 05:23:02','2018-01-18 06:03:42'),(45,'Interac purchase FRESH BOWL GAST',1,2,17,'2018-01-18 05:23:02','2018-01-18 06:03:42'),(46,'STARBUCKS N VANCOUVER BC',1,2,17,'2018-01-18 05:23:02','2018-01-18 05:40:43'),(47,'STARBUCKS VANCOUVER BC',1,2,17,'2018-01-18 05:23:02','2018-01-18 05:40:43'),(48,'WIND',1,2,12,'2018-01-18 05:23:02','2018-01-18 05:47:02'),(49,'YIG CITY MARKET',1,2,18,'2018-01-18 05:23:03','2018-01-18 05:47:02'),(50,'EDO JAPAN',1,2,17,'2018-01-18 05:23:03','2018-01-18 05:47:02'),(51,'CRIMINAL REC CHECK VICTORIA BC',1,2,5,'2018-01-18 05:23:03','2018-01-18 06:03:42'),(52,'SUBWAY',1,2,17,'2018-01-18 05:23:03','2018-01-18 05:47:02'),(53,'SQUARE ONE INSURANCE SERVVANCOUVER BC',1,2,10,'2018-01-18 05:23:03','2018-01-18 06:03:42'),(54,'HOLLISTER VANCOUVER BC',1,2,10,'2018-01-18 05:23:03','2018-01-18 06:03:42'),(55,'NORTH SHORE BIK',1,2,9,'2018-01-18 05:23:03','2018-01-18 06:03:42'),(56,'DKING HAIR DESI',1,2,10,'2018-01-18 05:23:03','2018-01-18 06:09:25'),(57,'DOLLARAMA NORTH VANCOUVBC',1,2,10,'2018-01-18 05:23:03','2018-01-18 06:03:43'),(58,'CENTRAL LONSDALE POST OFFNVANCOUVER BC',1,2,10,'2018-01-18 05:23:03','2018-01-18 06:09:25'),(59,'CARGO BC',1,2,10,'2018-01-18 05:23:03','2018-01-18 06:09:25'),(60,'NETFLIX.COM ON',1,2,9,'2018-01-18 05:23:03','2018-01-18 06:03:43'),(61,'DOLLARAMA BURNABY BC',1,2,10,'2018-01-18 05:23:03','2018-01-18 06:03:43'),(62,'DOLLARAMA VANCOUVER BC',1,2,10,'2018-01-18 05:23:03','2018-01-18 06:03:43'),(63,'DRIVER SERVICES CENTRE VANCOUVER BC',1,2,10,'2018-01-18 05:23:03','2018-01-18 06:03:43'),(64,'GOLDEN AGE COLLECTABLE VANCOUVER BC Amigo Secreto',1,2,10,'2018-01-18 05:23:03','2018-01-18 06:09:25'),(65,'Interac purchase LA SENZA',1,2,9,'2018-01-18 05:23:03','2018-01-18 06:09:25'),(66,'SAVE ON FOODS',1,2,18,'2018-01-18 05:23:03','2018-01-18 06:03:43'),(67,'NYF',1,2,17,'2018-01-18 05:23:04','2018-01-18 06:03:43'),(68,'STANLEY PARK TRAIN VANCOUVER BC',1,2,9,'2018-01-18 05:23:04','2018-01-18 06:09:25'),(69,'CIRQUESOLEILSHOWSTIX QC',1,2,9,'2018-01-18 05:23:04','2018-01-18 06:03:43'),(70,'LONSDALE RECREATION COMM NORTH VANCOUVBC',1,2,9,'2018-01-18 05:23:04','2018-01-18 06:03:43'),(71,'DOLLARAMA NORTHVANCOUVBC',1,2,1,'2018-01-18 05:23:04','2018-01-18 06:03:43'),(72,'MICHAELS N VANCOUVER BC',1,2,5,'2018-01-18 05:23:04','2018-01-18 06:03:43'),(73,'JETBRAINS AMERICAS INC CA',1,2,10,'2018-01-18 05:23:04','2018-01-18 06:09:25'),(74,'TACOFINO YALETO',1,2,15,'2018-01-18 05:23:04','2018-01-18 06:09:25'),(75,'IKEA RICHMOND',1,2,10,'2018-01-18 05:23:04','2018-01-18 06:09:25'),(76,'WHITE SPOT N. VANCOUVER BC',1,2,17,'2018-01-18 05:23:04','2018-01-18 06:09:26'),(77,'SHOPPERSDRUGMART NORTH VANCOUVBC',1,2,19,'2018-01-18 05:23:04','2018-01-18 05:47:03'),(78,'LEGENDARY VACATION CLU BENITO JUAREZ',1,2,9,'2018-01-18 05:23:04','2018-01-18 06:09:26'),(79,'Online Banking payment BC HYDRO',1,2,13,'2018-01-18 05:23:04','2018-01-18 06:09:26'),(80,'PAYMENT THANK YOU',1,2,0,'2018-01-18 05:23:04','2018-01-18 05:23:04'),(81,'SQ FRESH BOWL FOODS LTD VANCOUVER BC',1,2,17,'2018-01-18 05:23:04','2018-01-18 06:09:26'),(82,'CHARTWELLSCAPI',1,2,5,'2018-01-18 05:23:04','2018-01-18 06:09:26'),(83,'Interac purchase DAEJI',1,2,17,'2018-01-18 05:23:04','2018-01-18 06:09:26'),(84,'Interac purchase ALHADBAHMEDIT',1,2,15,'2018-01-18 05:23:04','2018-01-18 06:09:26'),(85,'BURGER KING',1,2,15,'2018-01-18 05:23:04','2018-01-18 06:09:26'),(86,'JACK LONSDALES LIQUOR STNORTH VANCOUVBC',1,2,9,'2018-01-18 05:23:04','2018-01-18 06:09:26'),(87,'EDO JAPAN NORTH VANCOUVBC',1,2,17,'2018-01-18 05:23:04','2018-01-18 06:09:26'),(88,'KATSU SUSHI JAPANESE RESTNORTH VANCOUVBC',1,2,17,'2018-01-18 05:23:04','2018-01-18 06:09:27'),(89,'RYUU JAPANESE KITCHEN RICHMOND BC',1,2,17,'2018-01-18 05:23:05','2018-01-18 06:09:27'),(90,'EDO JAPAN VANCOUVER BC',1,2,17,'2018-01-18 05:23:05','2018-01-18 06:09:27'),(91,'STUARTS VANCOUVER BC Doce Granville Island',1,2,17,'2018-01-18 05:23:05','2018-01-18 06:09:27'),(92,'POKE TIME VANCOUVER BC',1,2,17,'2018-01-18 05:23:05','2018-01-18 06:09:27'),(93,'JORDAN SUSHI NORTH VANCOUVBC',1,2,17,'2018-01-18 05:23:05','2018-01-18 06:13:50'),(94,'AW BURNABY BC',1,2,17,'2018-01-18 05:23:05','2018-01-18 06:13:50'),(95,'DAIRY QUEEN ORA',1,2,17,'2018-01-18 05:23:05','2018-01-18 06:13:50'),(96,'WESTIN BAYSHORE STARBUCKSVANCOUVER BC',1,2,15,'2018-01-18 05:23:05','2018-01-18 06:13:50'),(97,'Payroll Deposit MACHOBEAR STUDI',1,2,2,'2018-01-18 05:23:05','2018-01-18 05:40:43'),(98,'TIM HORTONS',1,2,17,'2018-01-18 05:23:05','2018-01-18 06:09:27'),(99,'Interac purchase DOLLAR TREE',1,2,10,'2018-01-18 05:23:05','2018-01-18 06:09:27'),(100,'STARBUCKS',1,2,17,'2018-01-18 05:23:05','2018-01-18 06:09:27'),(101,'NORTH VANCOUVER RECREATIONORTH VANCOUVBC',1,2,9,'2018-01-18 05:23:05','2018-01-18 06:09:27'),(102,'WESTIN BAYSHORE',1,2,15,'2018-01-18 05:23:05','2018-01-18 06:13:50'),(103,'HARU KOREAN KITCHEN VANCOUVER BC',1,2,17,'2018-01-18 05:23:05','2018-01-18 06:13:51'),(104,'Misc Payment TRANSFERWISE',1,2,0,'2018-01-18 05:23:05','2018-01-18 05:23:05'),(105,'SAFEWAY',1,2,18,'2018-01-18 05:23:06','2018-01-18 06:13:51'),(106,'TIM HORTONS QTH NORTH VANCOUVBC',1,2,17,'2018-01-18 05:23:06','2018-01-18 06:13:51'),(107,'DISTRICT FACTOR Presente Julia',1,2,10,'2018-01-18 05:23:06','2018-01-18 06:13:51'),(108,'WESTIN BAYSHORE BANQUETS VANCOUVER BC',1,2,15,'2018-01-18 05:23:06','2018-01-18 06:13:51'),(109,'SAVE ON FOODS NORTH VANCOUVBC',1,2,18,'2018-01-18 05:23:06','2018-01-18 06:13:51'),(110,'SAFEWAY VANCOUVER BC',1,2,18,'2018-01-18 05:23:06','2018-01-18 06:13:51'),(111,'MOUNTAIN EQUPMENT COOP N.VANCOUVER BC MEC',1,2,10,'2018-01-18 05:23:06','2018-01-18 06:13:51'),(112,'PETSMART INC. NORTH VANCOUVBC',1,2,7,'2018-01-18 05:23:06','2018-01-18 06:13:51'),(113,'MACHOBEAR STUDI',1,2,2,'2018-01-18 05:23:06','2018-01-18 06:13:51'),(114,'CASH WITHDRAWAL',1,2,10,'2018-01-18 05:23:06','2018-01-18 06:13:52'),(115,'PAYMENT THANK YOU PAIEMENT MERCI',1,2,0,'2018-01-18 05:23:06','2018-01-18 05:23:06'),(116,'PLAYSTER.COM  . USD .',1,2,60,'2018-01-18 05:23:06','2018-02-03 06:17:08'),(117,'IUGUSchoolCode SAO PAULO . BRL .',1,2,60,'2018-01-18 05:23:06','2018-02-03 06:17:08'),(118,'TIM HORTONS QTH N VANCOUVER BC',1,2,17,'2018-01-18 05:23:06','2018-01-18 06:13:52'),(119,'Audible Canada www.audible.cNJ',1,2,60,'2018-01-18 05:23:06','2018-02-03 06:17:08'),(120,'BED BATH BEYOND NVANCOUVER BC',1,2,10,'2018-01-18 05:23:06','2018-01-18 06:13:52'),(121,'THAI EXPRESS METROTOWN BURNABY BC',1,2,17,'2018-01-18 05:23:06','2018-01-18 06:13:52'),(122,'SUSHI MAN NORTH VANCOUVBC',1,2,17,'2018-01-18 05:23:06','2018-01-18 06:13:52'),(123,'PAYPAL SPOTIFY  ',1,2,10,'2018-01-18 05:23:06','2018-02-03 06:17:08'),(124,'CITY OF NORTH VANCOUVE NORTH VANCOUV BC ',1,2,7,'2018-01-18 05:23:06','2018-02-03 06:15:40'),(125,'Amazon.ca AMAZON.CA ON',1,2,5,'2018-01-18 05:23:06','2018-01-18 06:13:52'),(126,'Amazon Marketplce CA WWW.AMAZON.CAON',1,2,5,'2018-01-18 05:23:06','2018-01-18 06:13:52'),(127,'KOYA JAPAN KOYO BURNABY BC',1,2,17,'2018-01-18 05:23:07','2018-01-18 06:13:52'),(128,'PETSMART INC. VANCOUVER BC',1,2,7,'2018-01-18 05:23:07','2018-01-18 06:10:23'),(129,'SAVE ON FOODS VANCOUVER BC',1,2,18,'2018-01-18 05:23:07','2018-01-18 06:10:23'),(130,'CINEPLEX VANCOUVER BC',1,2,9,'2018-01-18 05:23:07','2018-01-18 06:10:24'),(131,'CLUBLEGENDARYPREFERRED BENITO JUAREZ . USD .',1,2,9,'2018-01-18 05:23:07','2018-01-18 06:10:24'),(132,'CDN TIRE STORE VANCOUVER BC',1,2,9,'2018-01-18 05:23:07','2018-01-18 06:10:24'),(133,'NORTH VAN FLORIST NORTH VANCOUV BC ',1,2,9,'2018-01-18 05:23:07','2018-01-18 06:10:24'),(134,'KATSU SUSHI JAPANESE R NORTH VANCOUV BC ',1,2,17,'2018-01-18 05:23:07','2018-01-18 06:03:48'),(135,'ARTISAN WINE SHOP METR BURNABY BC ',1,2,9,'2018-01-18 05:23:07','2018-01-18 06:03:48'),(136,'SPORT CHEK BURNABY BC ',1,2,9,'2018-01-18 05:23:07','2018-01-18 06:03:48'),(137,'LONDON DRUGS NORTH VANCOUV BC ',1,2,19,'2018-01-18 05:23:07','2018-01-18 06:03:48'),(138,'CREPE DELICIOUS BURNABY BC ',1,2,17,'2018-01-18 05:23:07','2018-01-18 06:03:49'),(139,'SHAW CABLE TV',1,2,11,'2018-02-03 05:36:17','2018-02-03 06:15:40'),(140,'WALMART SUPERCENTERNORTH VANCOUVBC',1,2,18,'2018-02-03 05:36:17','2018-02-03 06:12:42'),(141,'Transfer',1,2,0,'2018-02-03 05:36:17','2018-02-03 05:36:17'),(142,'VANAK MARKET AND DELI NORTH VANCOUVBC',1,2,18,'2018-02-03 05:36:17','2018-02-03 06:12:41'),(143,'CAPILANO UNIVERSITY BO N. VANCOUVER BC',1,2,5,'2018-02-03 05:36:18','2018-02-03 06:12:42'),(144,'YAKINIKU CHOSUN VANCOUVER BC',1,2,15,'2018-02-03 05:36:18','2018-02-03 06:15:40'),(145,'B.C. HYDROPAP',1,2,13,'2018-02-03 05:36:18','2018-02-03 06:12:42'),(146,'WESTIN H ROTISSERIE VANCOUVER BC',1,2,15,'2018-02-03 05:36:18','2018-02-03 06:12:42'),(147,'NORTH VAN FLORIST NORTH VANCOUVBC',1,2,10,'2018-02-03 05:36:18','2018-02-03 06:15:40'),(148,'ULTIMATE EDGE SPORTS NORTH VANCOUVBC Sharpening',1,2,9,'2018-02-03 05:36:18','2018-02-03 06:17:08'),(149,'CDN TIRE STORE NT VANCOUVER BC',1,2,10,'2018-02-03 05:36:18','2018-02-03 06:17:08'),(150,'ICE SPORTS NORTH SHORE NORTH VANCOUVBC',1,2,9,'2018-02-03 05:36:18','2018-02-03 06:17:08'),(151,'POKÈ TIME. VANCOUVER BC',1,2,15,'2018-02-03 05:36:18','2018-02-03 06:15:41'),(152,'REAL CDN SUPERSTORE',1,2,18,'2018-02-03 05:36:18','2018-02-03 06:12:42'),(153,'Audible',1,2,60,'2018-02-03 05:36:18','2018-02-03 06:15:41'),(154,'IUGUSchoolCode',1,2,60,'2018-02-03 05:36:18','2018-02-03 06:15:41'),(155,'CLUBLEGENDARYPREFERRED',1,2,9,'2018-02-03 05:36:18','2018-02-03 06:12:42'),(156,'URBAN BEHAVIOR Roupa Amanda Metrotown',1,2,10,'2018-02-03 05:36:18','2018-02-03 06:15:41'),(157,'IUGUSchoolCode SAO PAULO',1,2,60,'2018-02-03 05:36:18','2018-02-03 06:15:41'),(158,'WESTIN SEAWALL BAR AND GRVANCOUVER BC',1,2,15,'2018-02-03 05:36:18','2018-02-03 06:15:41'),(159,'CAPILANO UNIVERSITY CA N VANCOUVER BC',1,2,16,'2018-02-03 05:36:18','2018-02-03 06:12:42'),(160,'PETSMART INC. BURNABY BC ',1,2,7,'2018-02-03 05:36:18','2018-02-03 06:12:42'),(161,'COMPASS AUTOLOAD BURNABY BC ',1,2,59,'2018-02-03 05:36:18','2018-02-03 06:12:42'),(162,'Mauris Suspendisse Aliquet Incorporated',1,2,0,'2018-08-19 01:19:36','2018-08-19 01:19:36'),(163,'Nunc Sit Inc.',1,2,0,'2018-08-19 01:19:36','2018-08-19 01:19:36'),(164,'In Hendrerit Consectetuer Ltd',1,2,0,'2018-08-19 01:19:36','2018-08-19 01:19:36'),(165,'Dolor Elit Pellentesque Foundation',1,2,0,'2018-08-19 01:19:36','2018-08-19 01:19:36'),(166,'Volutpat Nunc LLP',1,2,0,'2018-08-19 01:19:36','2018-08-19 01:19:36'),(167,'Imperdiet LLP',1,2,0,'2018-08-19 01:19:36','2018-08-19 01:19:36'),(168,'Dapibus Quam Incorporated',1,2,0,'2018-08-19 01:19:36','2018-08-19 01:19:36'),(169,'Est Incorporated',1,2,0,'2018-08-19 01:19:36','2018-08-19 01:19:36'),(170,'Mollis PC',1,2,0,'2018-08-19 01:19:36','2018-08-19 01:19:36'),(171,'In Felis LLC',1,2,0,'2018-08-19 01:19:36','2018-08-19 01:19:36'),(172,'Enim PC',1,2,0,'2018-08-19 01:19:36','2018-08-19 01:19:36'),(173,'Diam Dictum Sapien LLC',1,2,0,'2018-08-19 01:19:36','2018-08-19 01:19:36'),(174,'Ut Incorporated',1,2,0,'2018-08-19 01:19:36','2018-08-19 01:19:36'),(175,'Gravida Praesent Eu Limited',1,2,0,'2018-08-19 01:19:36','2018-08-19 01:19:36'),(176,'Ullamcorper PC',1,2,0,'2018-08-19 01:19:36','2018-08-19 01:19:36'),(177,'Ac Mattis Ltd',1,2,0,'2018-08-19 01:19:36','2018-08-19 01:19:36'),(178,'Egestas Duis Institute',1,2,0,'2018-08-19 01:19:36','2018-08-19 01:19:36'),(179,'Ultrices Posuere Cubilia Inc.',1,2,0,'2018-08-19 01:19:36','2018-08-19 01:19:36'),(180,'A Aliquet Company',1,2,0,'2018-08-19 01:19:36','2018-08-19 01:19:36'),(181,'Integer Urna Vivamus Ltd',1,2,0,'2018-08-19 01:19:36','2018-08-19 01:19:36'),(182,'Arcu Vestibulum Ante Inc.',1,2,0,'2018-08-19 01:19:36','2018-08-19 01:19:36'),(183,'Elementum Incorporated',1,2,0,'2018-08-19 01:19:36','2018-08-19 01:19:36'),(184,'Erat Volutpat Industries',1,2,0,'2018-08-19 01:19:36','2018-08-19 01:19:36'),(185,'Convallis Corporation',1,2,0,'2018-08-19 01:19:36','2018-08-19 01:19:36'),(186,'Vivamus Institute',1,2,0,'2018-08-19 01:19:36','2018-08-19 01:19:36'),(187,'Interdum Libero LLC',1,2,0,'2018-08-19 01:19:36','2018-08-19 01:19:36'),(188,'A Consulting',1,2,0,'2018-08-19 01:19:36','2018-08-19 01:19:36'),(189,'Praesent Eu Institute',1,2,0,'2018-08-19 01:19:36','2018-08-19 01:19:36'),(190,'Lacus Quisque PC',1,2,0,'2018-08-19 01:19:36','2018-08-19 01:19:36'),(191,'Tristique Senectus Et LLC',1,2,0,'2018-08-19 01:19:36','2018-08-19 01:19:36'),(192,'Sagittis Lobortis Foundation',1,2,0,'2018-08-19 01:19:36','2018-08-19 01:19:36'),(193,'Et Commodo At Company',1,2,0,'2018-08-19 01:19:36','2018-08-19 01:19:36'),(194,'Sit Amet Consulting',1,2,0,'2018-08-19 01:19:36','2018-08-19 01:19:36'),(195,'Adipiscing Mauris Institute',1,2,0,'2018-08-19 01:19:36','2018-08-19 01:19:36'),(196,'Pellentesque Industries',1,2,0,'2018-08-19 01:19:36','2018-08-19 01:19:36'),(197,'Rutrum Magna Cras PC',1,2,0,'2018-08-19 01:19:36','2018-08-19 01:19:36'),(198,'Vulputate Ullamcorper LLP',1,2,0,'2018-08-19 01:19:36','2018-08-19 01:19:36'),(199,'Tellus Eu LLC',1,2,0,'2018-08-19 01:19:36','2018-08-19 01:19:36'),(200,'Ac Orci Company',1,2,0,'2018-08-19 01:19:36','2018-08-19 01:19:36'),(201,'Et Corp.',1,2,0,'2018-08-19 01:19:36','2018-08-19 01:19:36'),(202,'Sed Congue Consulting',1,2,0,'2018-08-19 01:19:36','2018-08-19 01:19:36'),(203,'Libero Nec Incorporated',1,2,0,'2018-08-19 01:19:36','2018-08-19 01:19:36'),(204,'Penatibus Et LLC',1,2,0,'2018-08-19 01:19:36','2018-08-19 01:19:36'),(205,'Mi Eleifend Egestas Foundation',1,2,0,'2018-08-19 01:19:36','2018-08-19 01:19:36'),(206,'Quisque Ac Libero Corporation',1,2,0,'2018-08-19 01:19:36','2018-08-19 01:19:36'),(207,'Cras Vulputate LLC',1,2,0,'2018-08-19 01:19:36','2018-08-19 01:19:36'),(208,'Magnis Dis Parturient Company',1,2,0,'2018-08-19 01:19:36','2018-08-19 01:19:36'),(209,'Praesent Interdum Ligula PC',1,2,0,'2018-08-19 01:19:36','2018-08-19 01:19:36'),(210,'Amet Massa Quisque Consulting',1,2,0,'2018-08-19 01:19:36','2018-08-19 01:19:36'),(211,'Metus Foundation',1,2,0,'2018-08-19 01:19:36','2018-08-19 01:19:36'),(212,'Dolor Dapibus Gravida LLC',1,2,0,'2018-08-19 01:19:36','2018-08-19 01:19:36'),(213,'Curabitur Sed Inc.',1,2,0,'2018-08-19 01:19:36','2018-08-19 01:19:36'),(214,'Ultricies Adipiscing Institute',1,2,0,'2018-08-19 01:19:36','2018-08-19 01:19:36'),(215,'Felis Associates',1,2,0,'2018-08-19 01:19:36','2018-08-19 01:19:36'),(216,'Eleifend Nec Corporation',1,2,0,'2018-08-19 01:19:36','2018-08-19 01:19:36'),(217,'Posuere Cubilia Curae Incorporated',1,2,0,'2018-08-19 01:19:36','2018-08-19 01:19:36'),(218,'Purus Ltd',1,2,0,'2018-08-19 01:19:36','2018-08-19 01:19:36'),(219,'Magnis Dis Parturient Institute',1,2,0,'2018-08-19 01:19:36','2018-08-19 01:19:36'),(220,'Eu Erat Semper Consulting',1,2,0,'2018-08-19 01:19:36','2018-08-19 01:19:36'),(221,'Luctus Et Ultrices Inc.',1,2,0,'2018-08-19 01:19:36','2018-08-19 01:19:36'),(222,'Ligula PC',1,2,0,'2018-08-19 01:19:36','2018-08-19 01:19:36'),(223,'Feugiat Lorem Ipsum Industries',1,2,0,'2018-08-19 01:19:36','2018-08-19 01:19:36'),(224,'Amet Ante Institute',1,2,0,'2018-08-19 01:19:36','2018-08-19 01:19:36'),(225,'Aliquam Corp.',1,2,0,'2018-08-19 01:19:36','2018-08-19 01:19:36'),(226,'Lacus Etiam Bibendum Inc.',1,2,0,'2018-08-19 01:19:36','2018-08-19 01:19:36'),(227,'Est Ac Mattis Incorporated',1,2,0,'2018-08-19 01:19:36','2018-08-19 01:19:36'),(228,'Arcu PC',1,2,0,'2018-08-19 01:19:37','2018-08-19 01:19:37'),(229,'Dapibus Id Blandit Incorporated',1,2,0,'2018-08-19 01:19:37','2018-08-19 01:19:37'),(230,'Tincidunt Tempus PC',1,2,0,'2018-08-19 01:19:37','2018-08-19 01:19:37'),(231,'Purus Maecenas Company',1,2,0,'2018-08-19 01:19:37','2018-08-19 01:19:37'),(232,'Erat Company',1,2,0,'2018-08-19 01:19:37','2018-08-19 01:19:37'),(233,'Vivamus Rhoncus Institute',1,2,0,'2018-08-19 01:19:37','2018-08-19 01:19:37'),(234,'Sed Libero Proin Ltd',1,2,0,'2018-08-19 01:19:37','2018-08-19 01:19:37'),(235,'Ut Ltd',1,2,0,'2018-08-19 01:19:37','2018-08-19 01:19:37'),(236,'Risus At Fringilla Ltd',1,2,0,'2018-08-19 01:19:37','2018-08-19 01:19:37'),(237,'Sociis Natoque Ltd',1,2,0,'2018-08-19 01:19:37','2018-08-19 01:19:37'),(238,'Ac Industries',1,2,0,'2018-08-19 01:19:37','2018-08-19 01:19:37'),(239,'Lectus Quis Massa Corporation',1,2,0,'2018-08-19 01:19:37','2018-08-19 01:19:37'),(240,'Imperdiet Nec Corp.',1,2,0,'2018-08-19 01:19:37','2018-08-19 01:19:37'),(241,'Malesuada Vel Ltd',1,2,0,'2018-08-19 01:19:37','2018-08-19 01:19:37'),(242,'Etiam Institute',1,2,0,'2018-08-19 01:19:37','2018-08-19 01:19:37'),(243,'Quisque Ornare Company',1,2,0,'2018-08-19 01:19:37','2018-08-19 01:19:37'),(244,'Feugiat Metus LLP',1,2,0,'2018-08-19 01:19:37','2018-08-19 01:19:37'),(245,'Id Blandit At Corp.',1,2,0,'2018-08-19 01:19:37','2018-08-19 01:19:37'),(246,'Nisi Ltd',1,2,0,'2018-08-19 01:19:37','2018-08-19 01:19:37'),(247,'Purus Gravida Sagittis Associates',1,2,0,'2018-08-19 01:19:37','2018-08-19 01:19:37'),(248,'Turpis Egestas PC',1,2,0,'2018-08-19 01:19:37','2018-08-19 01:19:37'),(249,'Iaculis LLC',1,2,0,'2018-08-19 01:19:37','2018-08-19 01:19:37'),(250,'Ut Corporation',1,2,0,'2018-08-19 01:19:37','2018-08-19 01:19:37'),(251,'Metus In Corporation',1,2,0,'2018-08-19 01:19:37','2018-08-19 01:19:37'),(252,'Nec Tempus Scelerisque PC',1,2,0,'2018-08-19 01:19:37','2018-08-19 01:19:37'),(253,'Felis Ullamcorper Foundation',1,2,0,'2018-08-19 01:19:37','2018-08-19 01:19:37'),(254,'Magna A Neque LLC',1,2,0,'2018-08-19 01:19:37','2018-08-19 01:19:37'),(255,'A Scelerisque Sed Corporation',1,2,0,'2018-08-19 01:19:37','2018-08-19 01:19:37'),(256,'Elementum Dui PC',1,2,0,'2018-08-19 01:19:37','2018-08-19 01:19:37'),(257,'Aliquam Nisl Nulla Ltd',1,2,0,'2018-08-19 01:19:37','2018-08-19 01:19:37'),(258,'Sem Egestas LLC',1,2,0,'2018-08-19 01:19:37','2018-08-19 01:19:37'),(259,'Nulla PC',1,2,0,'2018-08-19 01:19:37','2018-08-19 01:19:37'),(260,'Tortor Integer Institute',1,2,0,'2018-08-19 01:19:37','2018-08-19 01:19:37'),(261,'SPORT CHEK',1,2,0,'2018-08-19 03:16:35','2018-08-19 03:16:35');
/*!40000 ALTER TABLE `transaction_references` ENABLE KEYS */;
UNLOCK TABLES;

--
-- Table structure for table `transaction_types`
--

DROP TABLE IF EXISTS `transaction_types`;
/*!40101 SET @saved_cs_client     = @@character_set_client */;
/*!40101 SET character_set_client = utf8 */;
CREATE TABLE `transaction_types` (
  `id` int(10) unsigned NOT NULL AUTO_INCREMENT,
  `unique_name` varchar(255) COLLATE utf8_unicode_ci NOT NULL,
  `created_at` timestamp NULL DEFAULT NULL,
  `updated_at` timestamp NULL DEFAULT NULL,
  PRIMARY KEY (`id`),
  UNIQUE KEY `transaction_types_unique_name_unique` (`unique_name`)
) ENGINE=InnoDB AUTO_INCREMENT=3 DEFAULT CHARSET=utf8 COLLATE=utf8_unicode_ci;
/*!40101 SET character_set_client = @saved_cs_client */;

--
-- Dumping data for table `transaction_types`
--

LOCK TABLES `transaction_types` WRITE;
/*!40000 ALTER TABLE `transaction_types` DISABLE KEYS */;
INSERT INTO `transaction_types` VALUES (1,'credit','2018-01-13 06:24:58','2018-01-13 06:24:58'),(2,'debit','2018-01-13 06:24:58','2018-01-13 06:24:58');
/*!40000 ALTER TABLE `transaction_types` ENABLE KEYS */;
UNLOCK TABLES;

--
-- Table structure for table `transactions`
--

DROP TABLE IF EXISTS `transactions`;
/*!40101 SET @saved_cs_client     = @@character_set_client */;
/*!40101 SET character_set_client = utf8 */;
CREATE TABLE `transactions` (
  `id` int(10) unsigned NOT NULL AUTO_INCREMENT,
  `account_id` int(10) unsigned NOT NULL,
  `category_id` int(10) unsigned NOT NULL,
  `transaction_type_id` int(10) unsigned NOT NULL,
  `user_id` int(10) unsigned NOT NULL,
  `description` varchar(255) COLLATE utf8_unicode_ci NOT NULL,
  `value` decimal(14,2) NOT NULL,
  `transaction_date` timestamp NOT NULL DEFAULT CURRENT_TIMESTAMP ON UPDATE CURRENT_TIMESTAMP,
  `created_at` timestamp NULL DEFAULT NULL,
  `updated_at` timestamp NULL DEFAULT NULL,
  PRIMARY KEY (`id`),
  KEY `transactions_account_id_foreign` (`account_id`),
  KEY `transactions_category_id_foreign` (`category_id`),
  KEY `transactions_transaction_type_id_foreign` (`transaction_type_id`),
  KEY `transactions_user_id_foreign` (`user_id`),
  CONSTRAINT `transactions_account_id_foreign` FOREIGN KEY (`account_id`) REFERENCES `accounts` (`id`),
  CONSTRAINT `transactions_category_id_foreign` FOREIGN KEY (`category_id`) REFERENCES `categories` (`id`),
  CONSTRAINT `transactions_transaction_type_id_foreign` FOREIGN KEY (`transaction_type_id`) REFERENCES `transaction_types` (`id`),
  CONSTRAINT `transactions_user_id_foreign` FOREIGN KEY (`user_id`) REFERENCES `users` (`id`)
) ENGINE=InnoDB AUTO_INCREMENT=743 DEFAULT CHARSET=utf8 COLLATE=utf8_unicode_ci;
/*!40101 SET character_set_client = @saved_cs_client */;

--
-- Dumping data for table `transactions`
--

LOCK TABLES `transactions` WRITE;
/*!40000 ALTER TABLE `transactions` DISABLE KEYS */;
INSERT INTO `transactions` VALUES (1,1,18,2,2,'Interac purchase YIG CITY MARKET',10.22,'2017-08-31 00:00:00','2018-02-03 06:07:54','2018-02-03 06:07:54'),(2,1,10,2,2,'DOLLARAMA',16.12,'2017-09-01 00:00:00','2018-02-03 06:07:54','2018-02-03 06:07:54'),(3,1,18,2,2,'Interac purchase WALMART',187.28,'2017-09-05 00:00:00','2018-02-03 06:07:54','2018-02-03 06:07:54'),(4,1,17,2,2,'Interac purchase PINE SUSHI SQUA',26.63,'2017-09-05 00:00:00','2018-02-03 06:07:54','2018-02-03 06:07:54'),(5,1,10,2,2,'DOLLARAMA',59.77,'2017-09-05 00:00:00','2018-02-03 06:07:54','2018-02-03 06:07:54'),(6,1,17,2,2,'COKE_',2.25,'2017-09-05 00:00:00','2018-02-03 06:07:54','2018-02-03 06:07:54'),(7,1,18,2,2,'Interac purchase YIG CITY MARKET',58.62,'2017-09-05 00:00:00','2018-02-03 06:07:54','2018-02-03 06:07:54'),(8,1,10,2,2,'Interac purchase IKEA RICHMOND',57.05,'2017-09-05 00:00:00','2018-02-03 06:07:54','2018-02-03 06:07:54'),(9,1,19,2,2,'LONDON DRUGS',47.14,'2017-09-05 00:00:00','2018-02-03 06:07:54','2018-02-03 06:07:54'),(10,1,10,2,2,'IKEA RICHMOND',27.77,'2017-09-05 00:00:00','2018-02-03 06:07:54','2018-02-03 06:07:54'),(11,1,19,2,2,'LONDON DRUGS',9.44,'2017-09-05 00:00:00','2018-02-03 06:07:54','2018-02-03 06:07:54'),(12,1,18,2,2,'YIG CITY MARKET',17.63,'2017-09-06 00:00:00','2018-02-03 06:07:54','2018-02-03 06:07:54'),(13,1,1,2,2,'Interac purchase NORTH VANCOUVER',156.25,'2017-09-07 00:00:00','2018-02-03 06:07:54','2018-02-03 06:07:54'),(14,1,18,2,2,'Interac purchase WALMART',51.92,'2017-09-11 00:00:00','2018-02-03 06:07:54','2018-02-03 06:07:54'),(15,1,18,2,2,'YIG CITY MARKET',33.97,'2017-09-11 00:00:00','2018-02-03 06:07:54','2018-02-03 06:07:54'),(16,1,19,2,2,'LONDON DRUGS',29.50,'2017-09-11 00:00:00','2018-02-03 06:07:54','2018-02-03 06:07:54'),(17,1,10,2,2,'Interac purchase DOLLAR TREE',9.80,'2017-09-11 00:00:00','2018-02-03 06:07:54','2018-02-03 06:07:54'),(18,1,18,2,2,'YIG CITY MARKET',9.38,'2017-09-11 00:00:00','2018-02-03 06:07:54','2018-02-03 06:07:54'),(19,1,19,2,2,'Interac purchase LONDON DRUGS',8.40,'2017-09-11 00:00:00','2018-02-03 06:07:55','2018-02-03 06:07:55'),(20,1,19,2,2,'LONDON DRUGS',8.38,'2017-09-11 00:00:00','2018-02-03 06:07:55','2018-02-03 06:07:55'),(21,1,18,2,2,'Interac purchase WALMART',6.72,'2017-09-11 00:00:00','2018-02-03 06:07:55','2018-02-03 06:07:55'),(22,1,19,2,2,'Interac purchase LONDON DRUGS',104.14,'2017-09-12 00:00:00','2018-02-03 06:07:55','2018-02-03 06:07:55'),(23,1,18,2,2,'YIG CITY MARKET',20.83,'2017-09-13 00:00:00','2018-02-03 06:07:55','2018-02-03 06:07:55'),(24,1,10,2,2,'HUDSON HOUSE TR Pulseira Amanda',5.59,'2017-09-14 00:00:00','2018-02-03 06:07:55','2018-02-03 06:07:55'),(25,1,17,2,2,'Interac purchase FRESH BOWL GAST',35.54,'2017-09-14 00:00:00','2018-02-03 06:07:55','2018-02-03 06:07:55'),(26,1,18,2,2,'YIG CITY MARKET',20.97,'2017-09-14 00:00:00','2018-02-03 06:07:55','2018-02-03 06:07:55'),(27,1,10,2,2,'DOLLARAMA',13.44,'2017-09-14 00:00:00','2018-02-03 06:07:55','2018-02-03 06:07:55'),(28,1,7,2,2,'Interac purchase LONSDALE VETERI',123.23,'2017-09-15 00:00:00','2018-02-03 06:07:55','2018-02-03 06:07:55'),(29,1,18,2,2,'YIG CITY MARKET',15.69,'2017-09-15 00:00:00','2018-02-03 06:07:55','2018-02-03 06:07:55'),(30,1,5,2,2,'CHARTWELLSCAPI',10.49,'2017-09-15 00:00:00','2018-02-03 06:07:55','2018-02-03 06:07:55'),(31,1,19,2,2,'LONDON DRUGS',44.77,'2017-09-18 00:00:00','2018-02-03 06:07:55','2018-02-03 06:07:55'),(32,1,17,2,2,'EDO JAPAN',29.60,'2017-09-18 00:00:00','2018-02-03 06:07:55','2018-02-03 06:07:55'),(33,1,18,2,2,'SAVE ON FOODS',32.94,'2017-09-18 00:00:00','2018-02-03 06:07:55','2018-02-03 06:07:55'),(34,1,18,2,2,'YIG CITY MARKET',10.99,'2017-09-18 00:00:00','2018-02-03 06:07:55','2018-02-03 06:07:55'),(35,1,17,2,2,'TIM HORTONS',10.07,'2017-09-18 00:00:00','2018-02-03 06:07:55','2018-02-03 06:07:55'),(36,1,15,2,2,'Interac purchase ALHADBAHMEDIT',10.45,'2017-09-19 00:00:00','2018-02-03 06:07:55','2018-02-03 06:07:55'),(37,1,18,2,2,'YIG CITY MARKET',39.18,'2017-09-20 00:00:00','2018-02-03 06:07:55','2018-02-03 06:07:55'),(38,1,15,2,2,'Interac purchase ALHADBAHMEDIT',11.50,'2017-09-20 00:00:00','2018-02-03 06:07:55','2018-02-03 06:07:55'),(39,1,5,2,2,'Capilano Univer',320.00,'2017-09-21 00:00:00','2018-02-03 06:07:55','2018-02-03 06:07:55'),(40,1,15,2,2,'Interac purchase ALHADBAHMEDIT',11.50,'2017-09-21 00:00:00','2018-02-03 06:07:56','2018-02-03 06:07:56'),(41,1,12,2,2,'WIND',44.80,'2017-09-22 00:00:00','2018-02-03 06:07:56','2018-02-03 06:07:56'),(42,1,12,2,2,'WIND',44.80,'2017-09-22 00:00:00','2018-02-03 06:07:56','2018-02-03 06:07:56'),(43,1,18,2,2,'YIG CITY MARKET',21.59,'2017-09-22 00:00:00','2018-02-03 06:07:56','2018-02-03 06:07:56'),(44,1,5,2,2,'CHARTWELLSCAPI',12.59,'2017-09-22 00:00:00','2018-02-03 06:07:56','2018-02-03 06:07:56'),(45,1,1,2,2,'Cash withdrawal CASH WITHDRAWAL',720.00,'2017-09-25 00:00:00','2018-02-03 06:07:56','2018-02-03 06:07:56'),(46,1,59,2,2,'Interac purchase COMPASS VENDING',93.00,'2017-09-25 00:00:00','2018-02-03 06:07:56','2018-02-03 06:07:56'),(47,1,17,2,2,'EDO JAPAN',13.70,'2017-09-25 00:00:00','2018-02-03 06:07:56','2018-02-03 06:07:56'),(48,1,17,2,2,'SUBWAY',12.58,'2017-09-25 00:00:00','2018-02-03 06:07:56','2018-02-03 06:07:56'),(49,1,9,2,2,'Interac purchase LA SENZA',33.54,'2017-09-25 00:00:00','2018-02-03 06:07:56','2018-02-03 06:07:56'),(50,1,17,2,2,'NYF',11.54,'2017-09-25 00:00:00','2018-02-03 06:07:56','2018-02-03 06:07:56'),(51,1,10,2,2,'DOLLARAMA',28.00,'2017-09-25 00:00:00','2018-02-03 06:07:56','2018-02-03 06:07:56'),(52,1,1,2,2,'Cash withdrawal CASH WITHDRAWAL',25.00,'2017-09-25 00:00:00','2018-02-03 06:07:56','2018-02-03 06:07:56'),(53,1,18,2,2,'YIG CITY MARKET',23.04,'2017-09-25 00:00:00','2018-02-03 06:07:56','2018-02-03 06:07:56'),(54,1,18,2,2,'YIG CITY MARKET',14.34,'2017-09-25 00:00:00','2018-02-03 06:07:56','2018-02-03 06:07:56'),(55,1,17,2,2,'DAIRY QUEEN ORA',11.95,'2017-09-25 00:00:00','2018-02-03 06:07:56','2018-02-03 06:07:56'),(56,1,15,2,2,'Interac purchase ALHADBAHMEDIT',10.45,'2017-09-25 00:00:00','2018-02-03 06:07:56','2018-02-03 06:07:56'),(57,1,1,2,2,'Cash withdrawal CASH WITHDRAWAL',705.00,'2017-09-26 00:00:00','2018-02-03 06:07:56','2018-02-03 06:07:56'),(58,1,15,2,2,'VIETSUB VIETNAM',11.55,'2017-09-26 00:00:00','2018-02-03 06:07:56','2018-02-03 06:07:56'),(59,1,19,2,2,'LONDON DRUGS NORTH VANCOUVBC',59.11,'2017-09-27 00:00:00','2018-02-03 06:07:56','2018-02-03 06:07:56'),(60,1,15,2,2,'VIETSUB VIETNAM',9.45,'2017-09-27 00:00:00','2018-02-03 06:07:57','2018-02-03 06:07:57'),(61,1,5,2,2,'Cash withdrawal CASH WITHDRAWAL Aplicação Capilano',135.00,'2017-09-28 00:00:00','2018-02-03 06:07:57','2018-02-03 06:07:57'),(62,1,15,2,2,'TACOFINO YALETO',6.30,'2017-09-28 00:00:00','2018-02-03 06:07:57','2018-02-03 06:07:57'),(63,1,17,2,2,'STARBUCKS',7.25,'2017-09-28 00:00:00','2018-02-03 06:07:57','2018-02-03 06:07:57'),(64,1,17,2,2,'WHITE SPOT N. VANCOUVER BC',59.74,'2017-09-29 00:00:00','2018-02-03 06:07:57','2018-02-03 06:07:57'),(65,1,18,2,2,'YIG CITY MARKET LONS N VANCOUVER BC',14.62,'2017-09-29 00:00:00','2018-02-03 06:07:57','2018-02-03 06:07:57'),(66,1,5,2,2,'CHARTWELLSCAPI',12.24,'2017-09-29 00:00:00','2018-02-03 06:07:57','2018-02-03 06:07:57'),(67,1,15,2,2,'WESTIN BAYSHORE',5.51,'2017-09-29 00:00:00','2018-02-03 06:07:57','2018-02-03 06:07:57'),(68,1,2,1,2,'Payroll Deposit MACHOBEAR STUDI',1051.68,'2017-09-29 00:00:00','2018-02-03 06:07:57','2018-02-03 06:07:57'),(69,1,18,2,2,'WALMART SUPERCENTERVANCOUVER BC',115.15,'2017-09-30 00:00:00','2018-02-03 06:07:57','2018-02-03 06:07:57'),(70,1,18,2,2,'YIG CITY MARKET LONS N VANCOUVER BC',31.36,'2017-09-30 00:00:00','2018-02-03 06:07:57','2018-02-03 06:07:57'),(71,1,19,2,2,'LONDON DRUGS NORTH VANCOUVBC',16.43,'2017-09-30 00:00:00','2018-02-03 06:07:57','2018-02-03 06:07:57'),(72,1,17,2,2,'STARBUCKS VANCOUVER BC',12.23,'2017-10-01 00:00:00','2018-02-03 06:07:57','2018-02-03 06:07:57'),(73,1,17,2,2,'SQ FRESH BOWL FOODS LTD VANCOUVER BC',27.65,'2017-10-01 00:00:00','2018-02-03 06:07:57','2018-02-03 06:07:57'),(74,1,1,2,2,'Online Banking transfer',59.11,'2017-10-02 00:00:00','2018-02-03 06:07:57','2018-02-03 06:07:57'),(75,1,5,2,2,'CHARTWELLSCAPILANO U NORTH VANCOUVBC',13.64,'2017-10-02 00:00:00','2018-02-03 06:07:57','2018-02-03 06:07:57'),(76,1,15,2,2,'Interac purchase ALHADBAHMEDIT',10.45,'2017-10-02 00:00:00','2018-02-03 06:07:57','2018-02-03 06:07:57'),(77,1,17,2,2,'Interac purchase DAEJI',11.53,'2017-10-03 00:00:00','2018-02-03 06:07:57','2018-02-03 06:07:57'),(78,1,17,2,2,'Interac purchase WHITE SPOT',47.60,'2017-10-04 00:00:00','2018-02-03 06:07:58','2018-02-03 06:07:58'),(79,1,9,2,2,'NORTH SHORE BIK',45.85,'2017-10-04 00:00:00','2018-02-03 06:07:58','2018-02-03 06:07:58'),(80,1,5,2,2,'CHARTWELLSCAPILANO U NORTH VANCOUVBC',14.26,'2017-10-04 00:00:00','2018-02-03 06:07:58','2018-02-03 06:07:58'),(81,1,18,2,2,'YIG CITY MARKET',11.96,'2017-10-05 00:00:00','2018-02-03 06:07:58','2018-02-03 06:07:58'),(82,1,15,2,2,'VIETSUB VIETNAM',10.50,'2017-10-05 00:00:00','2018-02-03 06:07:58','2018-02-03 06:07:58'),(83,1,15,2,2,'BURGER KING',9.95,'2017-10-06 00:00:00','2018-02-03 06:07:58','2018-02-03 06:07:58'),(84,1,5,2,2,'CHARTWELLSCAPILANO U NORTH VANCOUVBC',10.06,'2017-10-06 00:00:00','2018-02-03 06:07:58','2018-02-03 06:07:58'),(85,1,19,2,2,'LONDON DRUGS',39.48,'2017-10-10 00:00:00','2018-02-03 06:07:58','2018-02-03 06:07:58'),(86,1,15,2,2,'VIETSUB VIETNAM',32.30,'2017-10-10 00:00:00','2018-02-03 06:07:58','2018-02-03 06:07:58'),(87,1,7,2,2,'PETSMART INC.',30.77,'2017-10-10 00:00:00','2018-02-03 06:07:58','2018-02-03 06:07:58'),(88,1,10,2,2,'DOLLARAMA',25.21,'2017-10-10 00:00:00','2018-02-03 06:07:58','2018-02-03 06:07:58'),(89,1,18,2,2,'SAVE ON FOODS',23.46,'2017-10-10 00:00:00','2018-02-03 06:07:58','2018-02-03 06:07:58'),(90,1,18,2,2,'YIG CITY MARKET',20.67,'2017-10-10 00:00:00','2018-02-03 06:07:58','2018-02-03 06:07:58'),(91,1,15,2,2,'Interac purchase ALHADBAHMEDIT',10.45,'2017-10-10 00:00:00','2018-02-03 06:07:58','2018-02-03 06:07:58'),(92,1,18,2,2,'SAFEWAY',8.97,'2017-10-10 00:00:00','2018-02-03 06:07:58','2018-02-03 06:07:58'),(93,1,18,2,2,'YIG CITY MARKET',8.39,'2017-10-10 00:00:00','2018-02-03 06:07:58','2018-02-03 06:07:58'),(94,1,10,2,2,'DISTRICT FACTOR Presente Julia',6.71,'2017-10-10 00:00:00','2018-02-03 06:07:58','2018-02-03 06:07:58'),(95,1,19,2,2,'LONDON DRUGS',6.55,'2017-10-10 00:00:00','2018-02-03 06:07:58','2018-02-03 06:07:58'),(96,1,18,2,2,'YIG CITY MARKET',5.05,'2017-10-10 00:00:00','2018-02-03 06:07:58','2018-02-03 06:07:58'),(97,1,15,2,2,'VIETSUB VIETNAM',9.19,'2017-10-11 00:00:00','2018-02-03 06:07:58','2018-02-03 06:07:58'),(98,1,15,2,2,'Interac purchase ALHADBAHMEDIT',11.50,'2017-10-12 00:00:00','2018-02-03 06:07:58','2018-02-03 06:07:58'),(99,1,15,2,2,'WESTIN BAYSHORE STARBUCKSVANCOUVER BC',11.24,'2017-10-12 00:00:00','2018-02-03 06:07:58','2018-02-03 06:07:58'),(100,1,18,2,2,'YIG CITY MARKET',4.49,'2017-10-12 00:00:00','2018-02-03 06:07:59','2018-02-03 06:07:59'),(101,1,1,2,2,'Online Transfer to Deposit Account',2000.00,'2017-10-13 00:00:00','2018-02-03 06:07:59','2018-02-03 06:07:59'),(102,1,7,2,2,'BOSLEYS BY PET VALU NORTH VANCOUVBC',64.95,'2017-10-13 00:00:00','2018-02-03 06:07:59','2018-02-03 06:07:59'),(103,1,18,2,2,'YIG CITY MARKET LONS N VANCOUVER BC',28.15,'2017-10-13 00:00:00','2018-02-03 06:07:59','2018-02-03 06:07:59'),(104,1,5,2,2,'CHARTWELLSCAPILANO U NORTH VANCOUVBC',12.16,'2017-10-13 00:00:00','2018-02-03 06:07:59','2018-02-03 06:07:59'),(105,1,9,2,2,'JACK LONSDALES LIQUOR STNORTH VANCOUVBC',29.20,'2017-10-13 00:00:00','2018-02-03 06:07:59','2018-02-03 06:07:59'),(106,1,2,1,2,'Payroll Deposit MACHOBEAR STUDI',2103.36,'2017-10-13 00:00:00','2018-02-03 06:07:59','2018-02-03 06:07:59'),(107,1,10,2,2,'SHOE WAREHOUSE NORTH VANCOUVBC',145.59,'2017-10-14 00:00:00','2018-02-03 06:07:59','2018-02-03 06:07:59'),(108,1,5,2,2,'SEARS CAPILANO VANCOUVER NORTH VANCOUVBC',134.39,'2017-10-14 00:00:00','2018-02-03 06:07:59','2018-02-03 06:07:59'),(109,1,18,2,2,'WALMART SUPERCENTERVANCOUVER BC',69.02,'2017-10-14 00:00:00','2018-02-03 06:07:59','2018-02-03 06:07:59'),(110,1,18,2,2,'YIG CITY MARKET LONS N VANCOUVER BC',11.72,'2017-10-14 00:00:00','2018-02-03 06:07:59','2018-02-03 06:07:59'),(111,1,17,2,2,'EDO JAPAN NORTH VANCOUVBC',27.70,'2017-10-14 00:00:00','2018-02-03 06:07:59','2018-02-03 06:07:59'),(112,1,7,1,2,'BOSLEYS BY PET VALU NORTH VANCOUVBC',47.03,'2017-10-14 00:00:00','2018-02-03 06:07:59','2018-02-03 06:07:59'),(113,1,19,2,2,'LONDON DRUGS NORTH VANCOUVBC',17.78,'2017-10-15 00:00:00','2018-02-03 06:07:59','2018-02-03 06:07:59'),(114,1,15,2,2,'VIETSUB VIETNAMESE CUISINVANCOUVER BC',11.55,'2017-10-16 00:00:00','2018-02-03 06:07:59','2018-02-03 06:07:59'),(115,1,19,2,2,'SHOPPERSDRUGMART NORTH VANCOUVBC',7.83,'2017-10-16 00:00:00','2018-02-03 06:07:59','2018-02-03 06:07:59'),(116,1,1,2,2,'CENTRAL LONSDAL',45.00,'2017-10-17 00:00:00','2018-02-03 06:07:59','2018-02-03 06:07:59'),(117,1,10,2,2,'VICTORIAS SECRET VANCOUVER BC',40.26,'2017-10-17 00:00:00','2018-02-03 06:07:59','2018-02-03 06:07:59'),(118,1,19,2,2,'LONDON DRUGS NORTH VANCOUVBC',22.39,'2017-10-17 00:00:00','2018-02-03 06:07:59','2018-02-03 06:07:59'),(119,1,15,2,2,'ALHADBAH MEDITERRANEAN FVANCOUVER BC',11.50,'2017-10-17 00:00:00','2018-02-03 06:07:59','2018-02-03 06:07:59'),(120,1,7,2,2,'BOSLEYS BY PET VALU NORTH VANCOUVBC',39.97,'2017-10-18 00:00:00','2018-02-03 06:07:59','2018-02-03 06:07:59'),(121,1,18,2,2,'YIG CITY MARKET LONS N VANCOUVER BC',29.19,'2017-10-18 00:00:00','2018-02-03 06:07:59','2018-02-03 06:07:59'),(122,1,15,2,2,'WESTIN BAYSHORE BANQUETS VANCOUVER BC',4.46,'2017-10-18 00:00:00','2018-02-03 06:07:59','2018-02-03 06:07:59'),(123,1,18,2,2,'YIG CITY MARKET LONS N VANCOUVER BC',17.00,'2017-10-19 00:00:00','2018-02-03 06:07:59','2018-02-03 06:07:59'),(124,1,15,2,2,'VIETSUB VIETNAMESE CUISINVANCOUVER BC',9.45,'2017-10-19 00:00:00','2018-02-03 06:07:59','2018-02-03 06:07:59'),(125,1,10,2,2,'HOLLISTER VANCOUVER BC',25.70,'2017-10-20 00:00:00','2018-02-03 06:08:00','2018-02-03 06:08:00'),(126,1,1,2,2,'Cash withdrawal CASH WITHDRAWAL',25.00,'2017-10-20 00:00:00','2018-02-03 06:08:00','2018-02-03 06:08:00'),(127,1,5,2,2,'CHARTWELLSCAPILANO U NORTH VANCOUVBC',14.26,'2017-10-20 00:00:00','2018-02-03 06:08:00','2018-02-03 06:08:00'),(128,1,7,2,2,'MR. PETS NORTH VANCOUVNORTH VANCOUVBC',75.03,'2017-10-22 00:00:00','2018-02-03 06:08:00','2018-02-03 06:08:00'),(129,1,10,2,2,'SQUARE ONE INSURANCE SERVVANCOUVER BC',27.40,'2017-10-23 00:00:00','2018-02-03 06:08:00','2018-02-03 06:08:00'),(130,1,19,2,2,'LONDON DRUGS NORTH VANCOUVBC',20.98,'2017-10-23 00:00:00','2018-02-03 06:08:00','2018-02-03 06:08:00'),(131,1,18,2,2,'YIG CITY MARKET LONS N VANCOUVER BC',10.47,'2017-10-23 00:00:00','2018-02-03 06:08:00','2018-02-03 06:08:00'),(132,1,15,2,2,'ALHADBAH MEDITERRANEAN FVANCOUVER BC',10.45,'2017-10-23 00:00:00','2018-02-03 06:08:00','2018-02-03 06:08:00'),(133,1,19,2,2,'SHOPPERSDRUGMART NORTH VANCOUVBC',8.39,'2017-10-23 00:00:00','2018-02-03 06:08:00','2018-02-03 06:08:00'),(134,1,19,2,2,'Online Banking payment MSP GROUP',150.00,'2017-10-24 00:00:00','2018-02-03 06:08:00','2018-02-03 06:08:00'),(135,1,12,2,2,'FREEDOM MOBILE INC ON',44.80,'2017-10-24 00:00:00','2018-02-03 06:08:00','2018-02-03 06:08:00'),(136,1,12,2,2,'FREEDOM MOBILE INC ON',42.56,'2017-10-24 00:00:00','2018-02-03 06:08:00','2018-02-03 06:08:00'),(137,1,15,2,2,'ALHADBAH MEDITERRANEAN FVANCOUVER BC',11.50,'2017-10-24 00:00:00','2018-02-03 06:08:00','2018-02-03 06:08:00'),(138,1,5,2,2,'CRIMINAL REC CHECK VICTORIA BC',28.00,'2017-10-25 00:00:00','2018-02-03 06:08:00','2018-02-03 06:08:00'),(139,1,18,2,2,'YIG CITY MARKET LONS N VANCOUVER BC',15.64,'2017-10-25 00:00:00','2018-02-03 06:08:00','2018-02-03 06:08:00'),(140,1,5,2,2,'CHARTWELLSCAPILANO U NORTH VANCOUVBC',12.59,'2017-10-25 00:00:00','2018-02-03 06:08:00','2018-02-03 06:08:00'),(141,1,15,2,2,'ALHADBAH MEDITERRANEAN FVANCOUVER BC',11.24,'2017-10-25 00:00:00','2018-02-03 06:08:00','2018-02-03 06:08:00'),(142,1,5,2,2,'WWW.CAPILANOU.CA NORTH VANCOUVBC',5.00,'2017-10-25 00:00:00','2018-02-03 06:08:00','2018-02-03 06:08:00'),(143,1,18,2,2,'YIG CITY MARKET LONS N VANCOUVER BC',18.72,'2017-10-26 00:00:00','2018-02-03 06:08:00','2018-02-03 06:08:00'),(144,1,18,2,2,'YIG CITY MARKET LONS N VANCOUVER BC',8.69,'2017-10-27 00:00:00','2018-02-03 06:08:00','2018-02-03 06:08:00'),(145,1,2,1,2,'Payroll Deposit MACHOBEAR STUDI',2103.36,'2017-10-27 00:00:00','2018-02-03 06:08:01','2018-02-03 06:08:01'),(146,1,59,2,2,'COMPASS AUTOLOAD BC',93.00,'2017-10-28 00:00:00','2018-02-03 06:08:01','2018-02-03 06:08:01'),(147,1,9,2,2,'STANLEY PARK TRAIN VANCOUVER BC',25.20,'2017-10-28 00:00:00','2018-02-03 06:08:01','2018-02-03 06:08:01'),(148,1,1,2,2,'DOLLARAMA NORTHVANCOUVBC',21.85,'2017-10-28 00:00:00','2018-02-03 06:08:01','2018-02-03 06:08:01'),(149,1,17,2,2,'KATSU SUSHI JAPANESE RESTNORTH VANCOUVBC',23.00,'2017-10-28 00:00:00','2018-02-03 06:08:01','2018-02-03 06:08:01'),(150,1,18,2,2,'YIG CITY MARKET LONS N VANCOUVER BC',7.34,'2017-10-28 00:00:00','2018-02-03 06:08:01','2018-02-03 06:08:01'),(151,1,10,2,2,'MOUNTAIN WAREHOUSE RICHMOND BC',268.76,'2017-10-29 00:00:00','2018-02-03 06:08:01','2018-02-03 06:08:01'),(152,1,17,2,2,'RYUU JAPANESE KITCHEN RICHMOND BC',46.43,'2017-10-29 00:00:00','2018-02-03 06:08:01','2018-02-03 06:08:01'),(153,1,17,2,2,'TIM HORTONS QTH NORTH VANCOUVBC',8.91,'2017-10-29 00:00:00','2018-02-03 06:08:01','2018-02-03 06:08:01'),(154,1,1,2,2,'ATMwithdrawal VG',1000.00,'2017-10-30 00:00:00','2018-02-03 06:08:01','2018-02-03 06:08:01'),(155,1,1,2,2,'Online Banking transfer',423.69,'2017-10-30 00:00:00','2018-02-03 06:08:01','2018-02-03 06:08:01'),(156,1,1,2,2,'Online Banking transfer',389.66,'2017-10-30 00:00:00','2018-02-03 06:08:01','2018-02-03 06:08:01'),(157,1,18,2,2,'WALMART SUPERCENTERVANCOUVER BC',57.47,'2017-10-30 00:00:00','2018-02-03 06:08:01','2018-02-03 06:08:01'),(158,1,15,2,2,'VIETSUB VIETNAMESE CUISINVANCOUVER BC',13.65,'2017-10-30 00:00:00','2018-02-03 06:08:01','2018-02-03 06:08:01'),(159,1,10,2,2,'ATMwithdrawal VD',425.00,'2017-10-31 00:00:00','2018-02-03 06:08:01','2018-02-03 06:08:01'),(160,1,11,2,2,'Cable TV Bill Pmt SHAW CABLE TV',169.05,'2017-10-31 00:00:00','2018-02-03 06:08:01','2018-02-03 06:08:01'),(161,1,18,2,2,'YIG CITY MARKET LONS N VANCOUVER BC',37.54,'2017-10-31 00:00:00','2018-02-03 06:08:01','2018-02-03 06:08:01'),(162,1,15,2,2,'ALHADBAH MEDITERRANEAN FVANCOUVER BC',11.50,'2017-10-31 00:00:00','2018-02-03 06:08:02','2018-02-03 06:08:02'),(163,1,17,2,2,'STARBUCKS N VANCOUVER BC',8.40,'2017-10-31 00:00:00','2018-02-03 06:08:02','2018-02-03 06:08:02'),(164,1,15,2,2,'ALHADBAH MEDITERRANEAN FVANCOUVER BC',11.50,'2017-11-01 00:00:00','2018-02-03 06:08:02','2018-02-03 06:08:02'),(165,1,18,2,2,'YIG CITY MARKET LONS N VANCOUVER BC',17.99,'2017-11-01 00:00:00','2018-02-03 06:08:02','2018-02-03 06:08:02'),(166,1,15,2,2,'ALHADBAH MEDITERRANEAN FVANCOUVER BC',11.50,'2017-11-02 00:00:00','2018-02-03 06:08:02','2018-02-03 06:08:02'),(167,1,19,2,2,'LONDON DRUGS NORTH VANCOUVBC',11.54,'2017-11-02 00:00:00','2018-02-03 06:08:02','2018-02-03 06:08:02'),(168,1,18,2,2,'YIG CITY MARKET LONS N VANCOUVER BC',10.69,'2017-11-02 00:00:00','2018-02-03 06:08:02','2018-02-03 06:08:02'),(169,1,15,2,2,'ALHADBAH MEDITERRANEAN FVANCOUVER BC',11.50,'2017-11-03 00:00:00','2018-02-03 06:08:02','2018-02-03 06:08:02'),(170,1,18,2,2,'YIG CITY MARKET LONS N VANCOUVER BC',16.78,'2017-11-03 00:00:00','2018-02-03 06:08:02','2018-02-03 06:08:02'),(171,1,17,2,2,'STARBUCKS N VANCOUVER BC',12.65,'2017-11-04 00:00:00','2018-02-03 06:08:02','2018-02-03 06:08:02'),(172,1,17,2,2,'EDO JAPAN VANCOUVER BC',30.11,'2017-11-04 00:00:00','2018-02-03 06:08:02','2018-02-03 06:08:02'),(173,1,10,2,2,'MOUNTAIN WAREHOUSE RICHMOND BC',291.18,'2017-11-04 00:00:00','2018-02-03 06:08:02','2018-02-03 06:08:02'),(174,1,18,2,2,'YIG CITY MARKET LONS N VANCOUVER BC',67.55,'2017-11-04 00:00:00','2018-02-03 06:08:02','2018-02-03 06:08:02'),(175,1,19,2,2,'LONDON DRUGS NORTH VANCOUVBC',28.60,'2017-11-05 00:00:00','2018-02-03 06:08:02','2018-02-03 06:08:02'),(176,1,17,2,2,'WHITE SPOT VANCOUVER BC',23.23,'2017-11-06 00:00:00','2018-02-03 06:08:02','2018-02-03 06:08:02'),(177,1,4,2,2,'Cheque',1425.00,'2017-11-06 00:00:00','2018-02-03 06:08:02','2018-02-03 06:08:02'),(178,1,15,2,2,'POK¾ TIME. VANCOUVER BC',11.81,'2017-11-07 00:00:00','2018-02-03 06:08:02','2018-02-03 06:08:02'),(179,1,10,2,2,'DKING HAIR DESI',28.35,'2017-11-07 00:00:00','2018-02-03 06:08:02','2018-02-03 06:08:02'),(180,1,13,2,2,'Online Banking payment BC HYDRO',52.68,'2017-11-07 00:00:00','2018-02-03 06:08:02','2018-02-03 06:08:02'),(181,1,18,2,2,'YIG CITY MARKET LONS N VANCOUVER BC',6.83,'2017-11-07 00:00:00','2018-02-03 06:08:02','2018-02-03 06:08:02'),(182,1,15,2,2,'ALHADBAH MEDITERRANEAN FVANCOUVER BC',11.50,'2017-11-08 00:00:00','2018-02-03 06:08:02','2018-02-03 06:08:02'),(183,1,15,2,2,'VIETSUB VIETNAMESE CUISINVANCOUVER BC',11.55,'2017-11-09 00:00:00','2018-02-03 06:08:02','2018-02-03 06:08:02'),(184,1,5,2,2,'CHARTWELLSCAPILANO U NORTH VANCOUVBC',14.26,'2017-11-10 00:00:00','2018-02-03 06:08:02','2018-02-03 06:08:02'),(185,1,2,1,2,'Payroll Deposit MACHOBEAR STUDI',2103.36,'2017-11-10 00:00:00','2018-02-03 06:08:02','2018-02-03 06:08:02'),(186,1,18,2,2,'YIG CITY MARKET LONS N VANCOUVER BC',5.97,'2017-11-10 00:00:00','2018-02-03 06:08:03','2018-02-03 06:08:03'),(187,1,18,2,2,'YIG CITY MARKET LONS N VANCOUVER BC',21.84,'2017-11-10 00:00:00','2018-02-03 06:08:03','2018-02-03 06:08:03'),(188,1,17,2,2,'STUARTS VANCOUVER BC Doce Granville Island',5.78,'2017-11-11 00:00:00','2018-02-03 06:08:03','2018-02-03 06:08:03'),(189,1,18,2,2,'YIG CITY MARKET LONS N VANCOUVER BC',18.29,'2017-11-11 00:00:00','2018-02-03 06:08:03','2018-02-03 06:08:03'),(190,1,10,2,2,'DOLLARAMA NORTH VANCOUVBC',25.09,'2017-11-12 00:00:00','2018-02-03 06:08:03','2018-02-03 06:08:03'),(191,1,15,2,2,'POK¾ TIME. VANCOUVER BC',11.81,'2017-11-14 00:00:00','2018-02-03 06:08:03','2018-02-03 06:08:03'),(192,1,18,2,2,'WALMART SUPERCENTERVANCOUVER BC',89.36,'2017-11-14 00:00:00','2018-02-03 06:08:03','2018-02-03 06:08:03'),(193,1,15,2,2,'ALHADBAH MEDITERRANEAN FVANCOUVER BC',11.50,'2017-11-15 00:00:00','2018-02-03 06:08:03','2018-02-03 06:08:03'),(194,1,18,2,2,'YIG CITY MARKET LONS N VANCOUVER BC',62.43,'2017-11-15 00:00:00','2018-02-03 06:08:03','2018-02-03 06:08:03'),(195,1,15,2,2,'VIETSUB VIETNAMESE CUISINVANCOUVER BC',14.49,'2017-11-16 00:00:00','2018-02-03 06:08:03','2018-02-03 06:08:03'),(196,1,17,2,2,'STARBUCKS VANCOUVER BC',4.88,'2017-11-16 00:00:00','2018-02-03 06:08:03','2018-02-03 06:08:03'),(197,1,1,2,2,'Online Banking transfer',1789.51,'2017-11-16 00:00:00','2018-02-03 06:08:03','2018-02-03 06:08:03'),(198,1,5,2,2,'CHARTWELLSCAPILANO U NORTH VANCOUVBC',8.48,'2017-11-17 00:00:00','2018-02-03 06:08:03','2018-02-03 06:08:03'),(199,1,9,2,2,'CIRQUESOLEILSHOWSTIX QC',192.00,'2017-11-17 00:00:00','2018-02-03 06:08:03','2018-02-03 06:08:03'),(200,1,1,2,2,'Cash withdrawal CASH WITHDRAWAL',25.00,'2017-11-17 00:00:00','2018-02-03 06:08:03','2018-02-03 06:08:03'),(201,1,18,2,2,'YIG CITY MARKET LONS N VANCOUVER BC',13.62,'2017-11-17 00:00:00','2018-02-03 06:08:03','2018-02-03 06:08:03'),(202,1,9,2,2,'LONSDALE RECREATION COMM NORTH VANCOUVBC',9.95,'2017-11-18 00:00:00','2018-02-03 06:08:03','2018-02-03 06:08:03'),(203,1,5,2,2,'MICHAELS N VANCOUVER BC',4.48,'2017-11-18 00:00:00','2018-02-03 06:08:03','2018-02-03 06:08:03'),(204,1,18,2,2,'YIG CITY MARKET LONS N VANCOUVER BC',41.49,'2017-11-18 00:00:00','2018-02-03 06:08:03','2018-02-03 06:08:03'),(205,1,15,2,2,'POK¾ TIME. VANCOUVER BC',11.81,'2017-11-20 00:00:00','2018-02-03 06:08:03','2018-02-03 06:08:03'),(206,1,15,2,2,'ALHADBAH MEDITERRANEAN FVANCOUVER BC',11.50,'2017-11-21 00:00:00','2018-02-03 06:08:03','2018-02-03 06:08:03'),(207,1,9,2,2,'LEGENDARY VACATION CLU BENITO JUAREZ',192.46,'2017-11-21 00:00:00','2018-02-03 06:08:03','2018-02-03 06:08:03'),(208,1,1,2,2,'Online Banking transfer',88.70,'2017-11-21 00:00:00','2018-02-03 06:08:03','2018-02-03 06:08:03'),(209,1,17,2,2,'POKE TIME VANCOUVER BC',13.91,'2017-11-21 00:00:00','2018-02-03 06:08:04','2018-02-03 06:08:04'),(210,1,15,2,2,'ALHADBAH MEDITERRANEAN FVANCOUVER BC',10.45,'2017-11-22 00:00:00','2018-02-03 06:08:04','2018-02-03 06:08:04'),(211,1,12,2,2,'FREEDOM MOBILE INC ON',44.80,'2017-11-22 00:00:00','2018-02-03 06:08:04','2018-02-03 06:08:04'),(212,1,12,2,2,'FREEDOM MOBILE INC ON',44.80,'2017-11-22 00:00:00','2018-02-03 06:08:04','2018-02-03 06:08:04'),(213,1,18,2,2,'YIG CITY MARKET LONS N VANCOUVER BC',22.12,'2017-11-22 00:00:00','2018-02-03 06:08:04','2018-02-03 06:08:04'),(214,1,15,2,2,'ALHADBAH MEDITERRANEAN FVANCOUVER BC',11.50,'2017-11-23 00:00:00','2018-02-03 06:08:04','2018-02-03 06:08:04'),(215,1,5,2,2,'WWW.CAPILANOU.CA NORTH VANCOUVBC',5.00,'2017-11-23 00:00:00','2018-02-03 06:08:04','2018-02-03 06:08:04'),(216,1,10,2,2,'CENTRAL LONSDALE POST OFFNVANCOUVER BC',25.47,'2017-11-23 00:00:00','2018-02-03 06:08:04','2018-02-03 06:08:04'),(217,1,18,2,2,'YIG CITY MARKET LONS N VANCOUVER BC',2.54,'2017-11-23 00:00:00','2018-02-03 06:08:04','2018-02-03 06:08:04'),(218,1,18,2,2,'SAVE ON FOODS NORTH VANCOUVBC',18.06,'2017-11-23 00:00:00','2018-02-03 06:08:04','2018-02-03 06:08:04'),(219,1,5,2,2,'CAPILANO UNIVER',5.00,'2017-11-24 00:00:00','2018-02-03 06:08:04','2018-02-03 06:08:04'),(220,1,19,2,2,'Online Banking payment MSP GROUP',150.00,'2017-11-24 00:00:00','2018-02-03 06:08:04','2018-02-03 06:08:04'),(221,1,10,2,2,'CARGO BC',6.85,'2017-11-24 00:00:00','2018-02-03 06:08:05','2018-02-03 06:08:05'),(222,1,2,1,2,'Payroll Deposit MACHOBEAR STUDI',2103.36,'2017-11-24 00:00:00','2018-02-03 06:08:05','2018-02-03 06:08:05'),(223,1,18,2,2,'YIG CITY MARKET LONS N VANCOUVER BC',28.90,'2017-11-24 00:00:00','2018-02-03 06:08:05','2018-02-03 06:08:05'),(224,1,10,2,2,'DOLLARAMA NORTH VANCOUVBC',12.60,'2017-11-25 00:00:00','2018-02-03 06:08:05','2018-02-03 06:08:05'),(225,1,5,2,2,'MICHAELS N VANCOUVER BC',13.98,'2017-11-25 00:00:00','2018-02-03 06:08:05','2018-02-03 06:08:05'),(226,1,19,2,2,'LONDON DRUGS NORTH VANCOUVBC',32.46,'2017-11-26 00:00:00','2018-02-03 06:08:05','2018-02-03 06:08:05'),(227,1,17,2,2,'JORDAN SUSHI NORTH VANCOUVBC',42.02,'2017-11-26 00:00:00','2018-02-03 06:08:05','2018-02-03 06:08:05'),(228,1,10,2,2,'MOUNTAIN EQUPMENT COOP N.VANCOUVER BC MEC',69.96,'2017-11-26 00:00:00','2018-02-03 06:08:05','2018-02-03 06:08:05'),(229,1,15,2,2,'VIETSUB VIETNAMESE CUISINVANCOUVER BC',12.08,'2017-11-27 00:00:00','2018-02-03 06:08:05','2018-02-03 06:08:05'),(230,1,5,2,2,'CHARTWELLSCAPILANO U NORTH VANCOUVBC',6.56,'2017-11-27 00:00:00','2018-02-03 06:08:05','2018-02-03 06:08:05'),(231,1,17,2,2,'STARBUCKS VANCOUVER BC',4.67,'2017-11-27 00:00:00','2018-02-03 06:08:05','2018-02-03 06:08:05'),(232,1,9,2,2,'NETFLIX.COM ON',10.99,'2017-11-27 00:00:00','2018-02-03 06:08:05','2018-02-03 06:08:05'),(233,1,59,2,2,'COMPASS AUTOLOAD BC',93.00,'2017-11-27 00:00:00','2018-02-03 06:08:05','2018-02-03 06:08:05'),(234,1,15,2,2,'ALHADBAH MEDITERRANEAN FVANCOUVER BC',11.50,'2017-11-28 00:00:00','2018-02-03 06:08:05','2018-02-03 06:08:05'),(235,1,18,2,2,'YIG CITY MARKET LONS N VANCOUVER BC',32.27,'2017-11-28 00:00:00','2018-02-03 06:08:05','2018-02-03 06:08:05'),(236,1,15,2,2,'POK¾ TIME. VANCOUVER BC',11.81,'2017-11-29 00:00:00','2018-02-03 06:08:05','2018-02-03 06:08:05'),(237,1,15,2,2,'ALHADBAH MEDITERRANEAN FVANCOUVER BC',11.50,'2017-11-30 00:00:00','2018-02-03 06:08:05','2018-02-03 06:08:05'),(238,1,17,2,2,'AW BURNABY BC',10.69,'2017-11-30 00:00:00','2018-02-03 06:08:05','2018-02-03 06:08:05'),(239,1,11,2,2,'Cable TV Bill Pmt SHAW CABLE TV',98.56,'2017-11-30 00:00:00','2018-02-03 06:08:05','2018-02-03 06:08:05'),(240,1,15,2,2,'VIETSUB VIETNAMESE CUISINVANCOUVER BC',10.98,'2017-12-01 00:00:00','2018-02-03 06:08:06','2018-02-03 06:08:06'),(241,1,5,2,2,'CHARTWELLSCAPILANO U NORTH VANCOUVBC',14.26,'2017-12-01 00:00:00','2018-02-03 06:08:06','2018-02-03 06:08:06'),(242,1,10,2,2,'JETBRAINS AMERICAS INC CA',93.91,'2017-12-01 00:00:00','2018-02-03 06:08:06','2018-02-03 06:08:06'),(243,1,19,2,2,'SHOPPERSDRUGMART NORTH VANCOUVBC',16.74,'2017-12-01 00:00:00','2018-02-03 06:08:06','2018-02-03 06:08:06'),(244,1,9,2,2,'JACK LONSDALES LIQUOR STNORTH VANCOUVBC',63.91,'2017-12-01 00:00:00','2018-02-03 06:08:06','2018-02-03 06:08:06'),(245,1,18,2,2,'YIG CITY MARKET LONS N VANCOUVER BC',15.46,'2017-12-01 00:00:00','2018-02-03 06:08:06','2018-02-03 06:08:06'),(246,1,10,2,2,'DOLLARAMA BURNABY BC',2.81,'2017-12-02 00:00:00','2018-02-03 06:08:06','2018-02-03 06:08:06'),(247,1,18,2,2,'YIG CITY MARKET LONS N VANCOUVER BC',42.16,'2017-12-02 00:00:00','2018-02-03 06:08:06','2018-02-03 06:08:06'),(248,1,10,2,2,'DOLLARAMA VANCOUVER BC',4.48,'2017-12-03 00:00:00','2018-02-03 06:08:06','2018-02-03 06:08:06'),(249,1,17,2,2,'POKE TIME VANCOUVER BC',25.73,'2017-12-03 00:00:00','2018-02-03 06:08:06','2018-02-03 06:08:06'),(250,1,18,2,2,'YIG CITY MARKET LONS N VANCOUVER BC',4.49,'2017-12-03 00:00:00','2018-02-03 06:08:06','2018-02-03 06:08:06'),(251,1,15,2,2,'ALHADBAH MEDITERRANEAN FVANCOUVER BC',10.45,'2017-12-04 00:00:00','2018-02-03 06:08:06','2018-02-03 06:08:06'),(252,1,18,2,2,'YIG CITY MARKET LONS N VANCOUVER BC',17.91,'2017-12-04 00:00:00','2018-02-03 06:08:06','2018-02-03 06:08:06'),(253,1,15,2,2,'VIETSUB VIETNAMESE CUISINVANCOUVER BC',11.50,'2017-12-05 00:00:00','2018-02-03 06:08:06','2018-02-03 06:08:06'),(254,1,10,2,2,'DRIVER SERVICES CENTRE VANCOUVER BC',15.00,'2017-12-05 00:00:00','2018-02-03 06:08:06','2018-02-03 06:08:06'),(255,1,18,2,2,'SAFEWAY VANCOUVER BC',1.00,'2017-12-05 00:00:00','2018-02-03 06:08:06','2018-02-03 06:08:06'),(256,1,7,2,2,'PETSMART INC. NORTH VANCOUVBC',107.72,'2017-12-05 00:00:00','2018-02-03 06:08:06','2018-02-03 06:08:06'),(257,1,15,2,2,'ALHADBAH MEDITERRANEAN FVANCOUVER BC',11.50,'2017-12-06 00:00:00','2018-02-03 06:08:06','2018-02-03 06:08:06'),(258,1,4,2,2,'Cheque',1425.00,'2017-12-06 00:00:00','2018-02-03 06:08:06','2018-02-03 06:08:06'),(259,1,18,2,2,'YIG CITY MARKET LONS N VANCOUVER BC',30.74,'2017-12-06 00:00:00','2018-02-03 06:08:06','2018-02-03 06:08:06'),(260,1,15,2,2,'ALHADBAH MEDITERRANEAN FVANCOUVER BC',10.45,'2017-12-07 00:00:00','2018-02-03 06:08:06','2018-02-03 06:08:06'),(261,1,15,2,2,'CAFE VILLAGGIO VANCOUVER BC',5.09,'2017-12-08 00:00:00','2018-02-03 06:08:06','2018-02-03 06:08:06'),(262,1,19,2,2,'SHOPPERSDRUGMART NORTH VANCOUVBC',8.95,'2017-12-08 00:00:00','2018-02-03 06:08:06','2018-02-03 06:08:06'),(263,1,19,2,2,'SHOPPERSDRUGMART NORTH VANCOUVBC',12.30,'2017-12-08 00:00:00','2018-02-03 06:08:06','2018-02-03 06:08:06'),(264,1,2,1,2,'Payroll Deposit MACHOBEAR STUDI',2103.36,'2017-12-08 00:00:00','2018-02-03 06:08:06','2018-02-03 06:08:06'),(265,1,18,2,2,'YIG CITY MARKET LONS N VANCOUVER BC',12.88,'2017-12-08 00:00:00','2018-02-03 06:08:07','2018-02-03 06:08:07'),(266,1,17,2,2,'KATSU SUSHI JAPANESE RESTNORTH VANCOUVBC',29.05,'2017-12-10 00:00:00','2018-02-03 06:08:07','2018-02-03 06:08:07'),(267,1,9,2,2,'NORTH VANCOUVER RECREATIONORTH VANCOUVBC',103.38,'2017-12-10 00:00:00','2018-02-03 06:08:07','2018-02-03 06:08:07'),(268,1,17,2,2,'HARU KOREAN KITCHEN VANCOUVER BC',33.21,'2017-12-10 00:00:00','2018-02-03 06:08:07','2018-02-03 06:08:07'),(269,1,18,2,2,'SAVE ON FOODS NORTH VANCOUVBC',9.78,'2017-12-10 00:00:00','2018-02-03 06:08:07','2018-02-03 06:08:07'),(270,1,18,2,2,'WALMART SUPERCENTERVANCOUVER BC',57.66,'2017-12-10 00:00:00','2018-02-03 06:08:07','2018-02-03 06:08:07'),(271,1,15,2,2,'ALHADBAH MEDITERRANEAN FVANCOUVER BC',11.50,'2017-12-12 00:00:00','2018-02-03 06:08:07','2018-02-03 06:08:07'),(272,1,18,2,2,'YIG CITY MARKET LONS N VANCOUVER BC',27.08,'2017-12-12 00:00:00','2018-02-03 06:08:07','2018-02-03 06:08:07'),(273,1,9,2,2,'CINEPLEX VANCOUVER BC',7.99,'2017-12-12 00:00:00','2018-02-03 06:08:07','2018-02-03 06:08:07'),(274,1,15,2,2,'POK¾ TIME. VANCOUVER BC',23.63,'2017-12-13 00:00:00','2018-02-03 06:08:07','2018-02-03 06:08:07'),(275,1,10,2,2,'GOLDEN AGE COLLECTABLE VANCOUVER BC Amigo Secreto',50.39,'2017-12-13 00:00:00','2018-02-03 06:08:07','2018-02-03 06:08:07'),(276,1,17,2,2,'EDO JAPAN VANCOUVER BC',23.24,'2017-12-13 00:00:00','2018-02-03 06:08:07','2018-02-03 06:08:07'),(277,1,19,2,2,'SHOPPERSDRUGMART NORTH VANCOUVBC',12.30,'2017-12-13 00:00:00','2018-02-03 06:08:07','2018-02-03 06:08:07'),(278,1,1,2,2,'Online Banking transfer',10.00,'2017-12-14 00:00:00','2018-02-03 06:08:07','2018-02-03 06:08:07'),(279,1,1,2,2,'Online Banking transfer',10.00,'2017-12-14 00:00:00','2018-02-03 06:08:07','2018-02-03 06:08:07'),(280,1,1,1,2,'Online Banking transfer',2000.00,'2017-12-14 00:00:00','2018-02-03 06:08:07','2018-02-03 06:08:07'),(281,1,5,2,2,'WWW.CAPILANOU.CA NORTH VANCOUVBC',1200.00,'2017-12-14 00:00:00','2018-02-03 06:08:07','2018-02-03 06:08:07'),(282,1,1,2,2,'Online Banking transfer',3000.00,'2017-12-15 00:00:00','2018-02-03 06:08:07','2018-02-03 06:08:07'),(283,1,18,2,2,'YIG CITY MARKET LONS N VANCOUVER BC',29.09,'2017-12-15 00:00:00','2018-02-03 06:08:07','2018-02-03 06:08:07'),(284,1,5,2,2,'WWW.CAPILANOU.CA NORTH VANCOUVBC',3067.84,'2017-12-15 00:00:00','2018-02-03 06:08:07','2018-02-03 06:08:07'),(285,1,5,2,2,'WWW.CAPILANOU.CA NORTH VANCOUVBC',1300.00,'2017-12-15 00:00:00','2018-02-03 06:08:07','2018-02-03 06:08:07'),(286,1,17,2,2,'POKE TIME VANCOUVER BC',23.63,'2017-12-16 00:00:00','2018-02-03 06:08:08','2018-02-03 06:08:08'),(287,1,18,2,2,'YIG CITY MARKET LONS N VANCOUVER BC',32.96,'2017-12-17 00:00:00','2018-02-03 06:08:08','2018-02-03 06:08:08'),(288,1,17,2,2,'THAI EXPRESS METROTOWN BURNABY BC',24.63,'2017-12-17 00:00:00','2018-02-03 06:08:08','2018-02-03 06:08:08'),(289,1,17,2,2,'STARBUCKS VANCOUVER BC',9.66,'2017-12-17 00:00:00','2018-02-03 06:08:08','2018-02-03 06:08:08'),(290,1,1,2,2,'Cash withdrawal CASH WITHDRAWAL',25.00,'2017-12-18 00:00:00','2018-02-03 06:08:08','2018-02-03 06:08:08'),(291,1,1,2,2,'Online Banking transfer',1800.00,'2017-12-18 00:00:00','2018-02-03 06:08:08','2018-02-03 06:08:08'),(292,1,1,2,2,'Online Banking transfer',96.47,'2017-12-18 00:00:00','2018-02-03 06:08:08','2018-02-03 06:08:08'),(293,1,10,1,2,'CASH WITHDRAWAL',1800.00,'2017-12-18 00:00:00','2018-02-03 06:08:08','2018-02-03 06:08:08'),(294,1,10,2,2,'Cash withdrawal ',25.00,'2017-12-18 00:00:00','2018-02-03 06:08:08','2018-02-03 06:08:08'),(295,1,15,2,2,'ALHADBAH MEDITERRANEAN FVANCOUVER BC',10.45,'2017-12-18 00:00:00','2018-02-03 06:08:08','2018-02-03 06:08:08'),(296,1,18,2,2,'YIG CITY MARKET LONS N VANCOUVER BC',38.98,'2017-12-19 00:00:00','2018-02-03 06:08:08','2018-02-03 06:08:08'),(297,1,15,2,2,'CAFE VILLAGGIO VANCOUVER BC',9.44,'2017-12-19 00:00:00','2018-02-03 06:08:08','2018-02-03 06:08:08'),(298,1,9,2,2,'CLUBLEGENDARYPREFERRED BENITO JUAREZ . USD .',193.70,'2017-12-19 00:00:00','2018-02-03 06:08:08','2018-02-03 06:08:08'),(299,1,15,2,2,'VIETSUB VIETNAMESE CUISINVANCOUVER BC',13.86,'2017-12-20 00:00:00','2018-02-03 06:08:08','2018-02-03 06:08:08'),(300,1,10,2,2,'BED BATH BEYOND NVANCOUVER BC',50.38,'2017-12-20 00:00:00','2018-02-03 06:08:08','2018-02-03 06:08:08'),(301,1,17,2,2,'TIM HORTONS QTH N VANCOUVER BC',7.59,'2017-12-21 00:00:00','2018-02-03 06:08:08','2018-02-03 06:08:08'),(302,1,1,2,2,'DOLLARAMA NORTHVANCOUVBC',44.68,'2017-12-21 00:00:00','2018-02-03 06:08:08','2018-02-03 06:08:08'),(303,1,19,2,2,'SHOPPERSDRUGMART NORTH VANCOUVBC',10.49,'2017-12-21 00:00:00','2018-02-03 06:08:08','2018-02-03 06:08:08'),(304,1,17,2,2,'SUSHI MAN NORTH VANCOUVBC',32.73,'2017-12-21 00:00:00','2018-02-03 06:08:08','2018-02-03 06:08:08'),(305,1,2,1,2,'MACHOBEAR STUDI',2103.36,'2017-12-22 00:00:00','2018-02-03 06:08:08','2018-02-03 06:08:08'),(306,1,18,2,2,'YIG CITY MARKET LONS N VANCOUVER BC',76.78,'2017-12-22 00:00:00','2018-02-03 06:08:09','2018-02-03 06:08:09'),(307,1,12,2,2,'FREEDOM MOBILE INC ON',44.80,'2017-12-22 00:00:00','2018-02-03 06:08:09','2018-02-03 06:08:09'),(308,1,12,2,2,'FREEDOM MOBILE INC ON',44.80,'2017-12-22 00:00:00','2018-02-03 06:08:09','2018-02-03 06:08:09'),(309,1,10,2,2,'SQUARE ONE INSURANCE SERVVANCOUVER BC',3.15,'2017-12-23 00:00:00','2018-02-03 06:08:09','2018-02-03 06:08:09'),(310,1,7,2,2,'PETSMART INC. VANCOUVER BC',21.13,'2017-12-23 00:00:00','2018-02-03 06:08:09','2018-02-03 06:08:09'),(311,1,18,2,2,'SAVE ON FOODS VANCOUVER BC',4.89,'2017-12-23 00:00:00','2018-02-03 06:08:09','2018-02-03 06:08:09'),(312,1,10,2,2,'DOLLARAMA NORTH VANCOUVBC',8.41,'2017-12-23 00:00:00','2018-02-03 06:08:09','2018-02-03 06:08:09'),(313,1,9,2,2,'CDN TIRE STORE VANCOUVER BC',49.27,'2017-12-23 00:00:00','2018-02-03 06:08:09','2018-02-03 06:08:09'),(314,1,15,2,2,'ALHADBAH MEDITERRANEAN FVANCOUVER BC',10.45,'2017-12-26 00:00:00','2018-02-03 06:08:09','2018-02-03 06:08:09'),(315,1,10,2,2,'BED BATH BEYOND NVANCOUVER BC',32.48,'2017-12-26 00:00:00','2018-02-03 06:08:09','2018-02-03 06:08:09'),(316,1,18,2,2,'YIG CITY MARKET LONS N VANCOUVER BC',19.11,'2017-12-26 00:00:00','2018-02-03 06:08:09','2018-02-03 06:08:09'),(317,1,1,2,2,'Online Banking transfer',451.69,'2017-12-27 00:00:00','2018-02-03 06:08:09','2018-02-03 06:08:09'),(318,1,1,2,2,'Online Banking transfer',100.00,'2017-12-27 00:00:00','2018-02-03 06:08:09','2018-02-03 06:08:09'),(319,1,1,2,2,'Online Banking transfer',100.00,'2017-12-27 00:00:00','2018-02-03 06:08:09','2018-02-03 06:08:09'),(320,1,18,2,2,'YIG CITY MARKET',65.65,'2017-12-27 00:00:00','2018-02-03 06:09:23','2018-02-03 06:09:23'),(321,1,18,2,2,'YIG CITY MARKET',47.27,'2017-12-27 00:00:00','2018-02-03 06:09:23','2018-02-03 06:09:23'),(322,1,15,2,2,'CAFE VILLAGGIO VANCOUVER BC',5.09,'2017-12-27 00:00:00','2018-02-03 06:09:23','2018-02-03 06:09:23'),(323,1,9,2,2,'NETFLIX.COM ON',10.99,'2017-12-27 00:00:00','2018-02-03 06:09:23','2018-02-03 06:09:23'),(324,1,59,2,2,'COMPASS AUTOLOAD BC',93.00,'2017-12-27 00:00:00','2018-02-03 06:09:23','2018-02-03 06:09:23'),(325,1,5,2,2,'Amazon Marketplce CA WWW.AMAZON.CAON',27.79,'2017-12-27 00:00:00','2018-02-03 06:09:24','2018-02-03 06:09:24'),(326,1,17,2,2,'KOYA JAPAN KOYO BURNABY BC',10.80,'2017-12-27 00:00:00','2018-02-03 06:09:24','2018-02-03 06:09:24'),(327,1,10,2,2,'DOLLARAMA VANCOUVER BC',9.80,'2017-12-27 00:00:00','2018-02-03 06:09:24','2018-02-03 06:09:24'),(328,1,17,2,2,'KATSU SUSHI JAPANESE RESTNORTH VANCOUVBC',26.40,'2017-12-27 00:00:00','2018-02-03 06:09:24','2018-02-03 06:09:24'),(329,1,17,2,2,'KATSU SUSHI JAPANESE R NORTH VANCOUV BC ',26.40,'2017-12-27 00:00:00','2018-02-03 06:09:24','2018-02-03 06:09:24'),(330,1,10,2,2,'DOLLARAMA VANCOUVER BC ',9.80,'2017-12-27 00:00:00','2018-02-03 06:09:24','2018-02-03 06:09:24'),(331,1,5,2,2,'Amazon.ca AMAZON.CA ON',53.69,'2017-12-28 00:00:00','2018-02-03 06:09:24','2018-02-03 06:09:24'),(332,1,18,2,2,'YIG CITY MARKET LONS N VANCOUVER BC ',38.94,'2017-12-30 00:00:00','2018-02-03 06:09:24','2018-02-03 06:09:24'),(333,1,9,2,2,'ARTISAN WINE SHOP METR BURNABY BC ',19.64,'2017-12-30 00:00:00','2018-02-03 06:09:24','2018-02-03 06:09:24'),(334,1,9,2,2,'SPORT CHEK BURNABY BC ',111.99,'2017-12-30 00:00:00','2018-02-03 06:09:24','2018-02-03 06:09:24'),(335,1,19,2,2,'LONDON DRUGS NORTH VANCOUV BC ',26.49,'2017-12-30 00:00:00','2018-02-03 06:09:24','2018-02-03 06:09:24'),(336,1,17,2,2,'CREPE DELICIOUS BURNABY BC ',11.13,'2017-12-30 00:00:00','2018-02-03 06:09:24','2018-02-03 06:09:24'),(337,1,9,2,2,'NORTH VAN FLORIST NORTH VANCOUV BC ',4.47,'2017-12-31 00:00:00','2018-02-03 06:09:24','2018-02-03 06:09:24'),(338,1,10,2,2,'DKING HAIR DESI',54.34,'2018-01-02 00:00:00','2018-02-03 06:09:24','2018-02-03 06:09:24'),(339,1,15,2,2,'ALHADBAH MEDITERRANEAN FVANCOUVER BC',10.45,'2018-01-02 00:00:00','2018-02-03 06:09:24','2018-02-03 06:09:24'),(340,1,18,2,2,'YIG CITY MARKET',47.38,'2018-01-03 00:00:00','2018-02-03 06:09:24','2018-02-03 06:09:24'),(341,1,18,2,2,'YIG CITY MARKET',51.67,'2018-01-04 00:00:00','2018-02-03 06:09:24','2018-02-03 06:09:24'),(342,1,15,2,2,'ALHADBAH MEDITERRANEAN FVANCOUVER BC',11.50,'2018-01-04 00:00:00','2018-02-03 06:09:24','2018-02-03 06:09:24'),(343,1,2,1,2,'PAYROLL DEPOSIT MACHOBEAR STUDI',2105.28,'2018-01-05 00:00:00','2018-02-03 06:09:24','2018-02-03 06:09:24'),(344,1,15,2,2,'CAFE VILLAGGIO VANCOUVER BC',9.44,'2018-01-05 00:00:00','2018-02-03 06:09:25','2018-02-03 06:09:25'),(345,1,18,2,2,'YIG CITY MARKET LONS N VANCOUVER BC',11.69,'2018-01-05 00:00:00','2018-02-03 06:09:25','2018-02-03 06:09:25'),(346,1,18,2,2,'YIG CITY MARKET LONS N VANCOUVER BC',39.47,'2018-01-06 00:00:00','2018-02-03 06:09:25','2018-02-03 06:09:25'),(347,1,19,2,2,'LONDON DRUGS NORTH VANCOUVBC',3.35,'2018-01-07 00:00:00','2018-02-03 06:09:25','2018-02-03 06:09:25'),(348,1,19,2,2,'LONDON DRUGS NORTH VANCOUVBC',52.79,'2018-01-07 00:00:00','2018-02-03 06:09:25','2018-02-03 06:09:25'),(349,1,4,2,2,'CHEQUE',1425.00,'2018-01-08 00:00:00','2018-02-03 06:09:25','2018-02-03 06:09:25'),(350,1,18,2,2,'YIG CITY MARKET LONS N VANCOUVER BC',7.33,'2018-01-08 00:00:00','2018-02-03 06:09:25','2018-02-03 06:09:25'),(351,1,15,2,2,'ALHADBAH MEDITERRANEAN FVANCOUVER BC',20.90,'2018-01-08 00:00:00','2018-02-03 06:09:25','2018-02-03 06:09:25'),(352,1,18,2,2,'YIG CITY MARKET LONS N VANCOUVER BC',11.33,'2018-01-09 00:00:00','2018-02-03 06:09:25','2018-02-03 06:09:25'),(353,1,15,2,2,'ALHADBAH MEDITERRANEAN FVANCOUVER BC',10.45,'2018-01-09 00:00:00','2018-02-03 06:09:25','2018-02-03 06:09:25'),(354,1,18,2,2,'YIG CITY MARKET LONS N VANCOUVER BC',6.39,'2018-01-09 00:00:00','2018-02-03 06:09:25','2018-02-03 06:09:25'),(355,1,18,2,2,'YIG CITY MARKET LONS N VANCOUVER BC',26.50,'2018-01-11 00:00:00','2018-02-03 06:09:25','2018-02-03 06:09:25'),(356,1,18,2,2,'YIG CITY MARKET LONS N VANCOUVER BC',27.03,'2018-01-12 00:00:00','2018-02-03 06:09:25','2018-02-03 06:09:25'),(357,1,18,2,2,'YIG CITY MARKET LONS N VANCOUVER BC',16.10,'2018-01-13 00:00:00','2018-02-03 06:09:25','2018-02-03 06:09:25'),(358,1,7,2,2,'PETSMART INC. NORTH VANCOUVBC',81.75,'2018-01-14 00:00:00','2018-02-03 06:09:25','2018-02-03 06:09:25'),(359,1,5,2,2,'MICHAELS N VANCOUVER BC',16.80,'2018-01-14 00:00:00','2018-02-03 06:09:25','2018-02-03 06:09:25'),(360,1,10,2,2,'CARGO BC',9.36,'2018-01-15 00:00:00','2018-02-03 06:09:25','2018-02-03 06:09:25'),(361,1,18,2,2,'YIG CITY MARKET LONS N VANCOUVER BC',8.96,'2018-01-15 00:00:00','2018-02-03 06:09:25','2018-02-03 06:09:25'),(362,1,18,2,2,'YIG CITY MARKET LONS N VANCOUVER BC',8.06,'2018-01-16 00:00:00','2018-02-03 06:09:25','2018-02-03 06:09:25'),(363,1,17,2,2,'STARBUCKS VANCOUVER BC',4.99,'2018-01-16 00:00:00','2018-02-03 06:09:25','2018-02-03 06:09:25'),(364,1,15,2,2,'CAFE VILLAGGIO VANCOUVER BC',9.44,'2018-01-17 00:00:00','2018-02-03 06:09:25','2018-02-03 06:09:25'),(365,1,2,1,2,'PAYROLL DEPOSIT MACHOBEAR STUDI',2105.28,'2018-01-19 00:00:00','2018-02-03 06:09:26','2018-02-03 06:09:26'),(366,1,10,2,2,'DOLLARAMA BURNABY BC',31.26,'2018-01-20 00:00:00','2018-02-03 06:09:26','2018-02-03 06:09:26'),(367,1,18,2,2,'YIG CITY MARKET LONS N VANCOUVER BC',9.16,'2018-01-21 00:00:00','2018-02-03 06:09:26','2018-02-03 06:09:26'),(368,1,12,2,2,'FREEDOM MOBILE INC ON',44.80,'2018-01-22 00:00:00','2018-02-03 06:09:26','2018-02-03 06:09:26'),(369,1,12,2,2,'FREEDOM MOBILE INC ON',44.80,'2018-01-22 00:00:00','2018-02-03 06:09:26','2018-02-03 06:09:26'),(370,1,18,2,2,'YIG CITY MARKET LONS N VANCOUVER BC',29.49,'2018-01-21 00:00:00','2018-02-03 06:09:26','2018-02-03 06:09:26'),(371,1,15,2,2,'ALHADBAH MEDITERRANEAN FVANCOUVER BC',10.45,'2018-01-22 00:00:00','2018-02-03 06:09:26','2018-02-03 06:09:26'),(372,1,18,2,2,'YIG CITY MARKET LONS N VANCOUVER BC',4.49,'2018-01-22 00:00:00','2018-02-03 06:09:26','2018-02-03 06:09:26'),(373,1,10,2,2,'SQUARE ONE INSURANCE SERVVANCOUVER BC',16.87,'2018-01-23 00:00:00','2018-02-03 06:09:26','2018-02-03 06:09:26'),(374,1,15,2,2,'ALHADBAH MEDITERRANEAN FVANCOUVER BC',10.45,'2018-01-24 00:00:00','2018-02-03 06:09:26','2018-02-03 06:09:26'),(375,1,10,2,2,'CASH WITHDRAWAL',25.00,'2018-01-25 00:00:00','2018-02-03 06:09:26','2018-02-03 06:09:26'),(376,1,18,2,2,'YIG CITY MARKET LONS N VANCOUVER BC',37.80,'2018-01-18 00:00:00','2018-02-03 06:09:26','2018-02-03 06:09:26'),(377,1,5,2,2,'CHARTWELLSCAPILANO U NORTH VANCOUVBC',14.26,'2018-01-22 00:00:00','2018-02-03 06:09:26','2018-02-03 06:09:26'),(378,1,19,2,2,'LONDON DRUGS NORTH VANCOUVBC',53.73,'2018-01-23 00:00:00','2018-02-03 06:09:26','2018-02-03 06:09:26'),(379,1,5,2,2,'WWW.CAPILANOU.CA NORTH VANCOUVBC',5.00,'2018-01-25 00:00:00','2018-02-03 06:09:26','2018-02-03 06:09:26'),(380,1,18,2,2,'YIG CITY MARKET LONS N VANCOUVER BC ',57.10,'2018-01-27 00:00:00','2018-02-03 06:09:27','2018-02-03 06:09:27'),(381,1,10,2,2,'DOLLARAMA BURNABY BC ',15.40,'2018-01-27 00:00:00','2018-02-03 06:09:27','2018-02-03 06:09:27'),(382,1,9,2,2,'NETFLIX.COM ON ',10.99,'2018-01-27 00:00:00','2018-02-03 06:09:27','2018-02-03 06:09:27'),(383,1,18,2,2,'VANAK MARKET AND DELI NORTH VANCOUVBC',7.37,'2018-01-07 00:00:00','2018-02-03 06:12:42','2018-02-03 06:12:42'),(384,1,5,2,2,'CAPILANO UNIVERSITY BO N. VANCOUVER BC',52.76,'2018-01-10 00:00:00','2018-02-03 06:12:42','2018-02-03 06:12:42'),(385,1,13,2,2,'B.C. HYDROPAP',41.64,'2018-01-11 00:00:00','2018-02-03 06:12:42','2018-02-03 06:12:42'),(386,1,15,2,2,'WESTIN H ROTISSERIE VANCOUVER BC',16.07,'2018-01-11 00:00:00','2018-02-03 06:12:42','2018-02-03 06:12:42'),(387,1,18,2,2,'REAL CDN SUPERSTORE',53.44,'2018-01-20 00:00:00','2018-02-03 06:12:42','2018-02-03 06:12:42'),(388,1,9,2,2,'CLUBLEGENDARYPREFERRED',141.05,'2018-01-22 00:00:00','2018-02-03 06:12:42','2018-02-03 06:12:42'),(389,1,9,2,2,'CLUBLEGENDARYPREFERRED',187.68,'2018-01-22 00:00:00','2018-02-03 06:12:42','2018-02-03 06:12:42'),(390,1,18,2,2,'WALMART SUPERCENTERNORTH VANCOUVBC',37.65,'2018-01-21 00:00:00','2018-02-03 06:12:42','2018-02-03 06:12:42'),(391,1,16,2,2,'CAPILANO UNIVERSITY CA N VANCOUVER BC',12.00,'2018-01-25 00:00:00','2018-02-03 06:12:42','2018-02-03 06:12:42'),(392,1,7,2,2,'PETSMART INC. BURNABY BC ',10.07,'2018-01-27 00:00:00','2018-02-03 06:12:42','2018-02-03 06:12:42'),(393,1,59,2,2,'COMPASS AUTOLOAD BURNABY BC ',93.00,'2018-01-27 00:00:00','2018-02-03 06:12:42','2018-02-03 06:12:42'),(394,1,7,2,2,'CITY OF NORTH VANCOUVE NORTH VANCOUV BC ',30.00,'2017-12-29 00:00:00','2018-02-03 06:15:40','2018-02-03 06:15:40'),(395,1,11,2,2,'SHAW CABLE TV',98.56,'2017-12-31 00:00:00','2018-02-03 06:15:40','2018-02-03 06:15:40'),(396,1,18,2,2,'WALMART SUPERCENTERNORTH VANCOUVBC',26.91,'2018-01-03 00:00:00','2018-02-03 06:15:40','2018-02-03 06:15:40'),(397,1,15,2,2,'YAKINIKU CHOSUN VANCOUVER BC',14.43,'2018-01-10 00:00:00','2018-02-03 06:15:40','2018-02-03 06:15:40'),(398,1,18,2,2,'VANAK MARKET AND DELI NORTH VANCOUVBC',4.48,'2018-01-11 00:00:00','2018-02-03 06:15:40','2018-02-03 06:15:40'),(399,1,10,2,2,'NORTH VAN FLORIST NORTH VANCOUVBC',4.47,'2018-01-13 00:00:00','2018-02-03 06:15:40','2018-02-03 06:15:40'),(400,1,18,2,2,'VANAK MARKET AND DELI NORTH VANCOUVBC',3.36,'2018-01-15 00:00:00','2018-02-03 06:15:41','2018-02-03 06:15:41'),(401,1,15,2,2,'POKÈ TIME. VANCOUVER BC',11.81,'2018-01-15 00:00:00','2018-02-03 06:15:41','2018-02-03 06:15:41'),(402,1,60,2,2,'Audible',14.95,'2018-01-21 00:00:00','2018-02-03 06:15:41','2018-02-03 06:15:41'),(403,1,60,2,2,'IUGUSchoolCode',14.75,'2018-01-22 00:00:00','2018-02-03 06:15:41','2018-02-03 06:15:41'),(404,1,10,2,2,'URBAN BEHAVIOR Roupa Amanda Metrotown',38.98,'2018-01-21 00:00:00','2018-02-03 06:15:41','2018-02-03 06:15:41'),(405,1,60,2,2,'IUGUSchoolCode SAO PAULO',14.83,'2018-01-22 00:00:00','2018-02-03 06:15:41','2018-02-03 06:15:41'),(406,1,15,2,2,'WESTIN SEAWALL BAR AND GRVANCOUVER BC',13.39,'2018-01-23 00:00:00','2018-02-03 06:15:41','2018-02-03 06:15:41'),(407,1,15,2,2,'POKÈ TIME. VANCOUVER BC',11.81,'2018-01-25 00:00:00','2018-02-03 06:15:41','2018-02-03 06:15:41'),(408,1,60,2,2,'Audible Canada www.audible.cNJ',14.95,'2017-12-21 00:00:00','2018-02-03 06:17:08','2018-02-03 06:17:08'),(409,1,60,2,2,'IUGUSchoolCode SAO PAULO . BRL .',14.58,'2017-12-22 00:00:00','2018-02-03 06:17:08','2018-02-03 06:17:08'),(410,1,60,2,2,'PLAYSTER.COM  . USD .',1.30,'2017-12-23 00:00:00','2018-02-03 06:17:08','2018-02-03 06:17:08'),(411,1,10,2,2,'PAYPAL SPOTIFY  ',0.99,'2017-12-30 00:00:00','2018-02-03 06:17:08','2018-02-03 06:17:08'),(412,1,9,2,2,'ULTIMATE EDGE SPORTS NORTH VANCOUVBC Sharpening',15.00,'2018-01-14 00:00:00','2018-02-03 06:17:08','2018-02-03 06:17:08'),(413,1,10,2,2,'CDN TIRE STORE NT VANCOUVER BC',22.39,'2018-01-14 00:00:00','2018-02-03 06:17:08','2018-02-03 06:17:08'),(414,1,9,2,2,'ICE SPORTS NORTH SHORE NORTH VANCOUVBC',2.01,'2018-01-14 00:00:00','2018-02-03 06:17:08','2018-02-03 06:17:08'),(415,1,15,2,2,'YAKINIKU CHOSUN VANCOUVER BC',14.43,'2018-01-16 00:00:00','2018-02-03 06:17:08','2018-02-03 06:17:08'),(416,1,4,2,2,'Aluguel',1425.01,'2018-07-30 06:35:11','2018-07-17 22:09:21',NULL),(417,1,7,2,2,'Vacina',123.17,'2018-07-06 00:00:00','2018-07-17 22:09:21',NULL),(418,1,8,2,2,'Rosuvastatina',33.12,'2018-07-06 00:00:00','2018-07-17 22:09:21',NULL),(419,1,8,2,2,'Omeprazol',14.62,'2018-07-06 00:00:00','2018-07-17 22:09:21',NULL),(420,1,4,2,2,'Aluguel',1425.01,'2018-07-30 06:35:29','2018-07-17 22:09:21',NULL),(421,1,2,1,2,'MAchobear',4000.00,'2018-07-27 00:00:00','2018-08-11 23:53:39','2018-08-11 23:53:39'),(422,1,7,2,2,'BOSLEYS BY PET VALU NORTH VANCOUVBC',414.61,'2018-08-01 00:00:00','2018-08-19 03:18:35','2018-08-19 03:18:35'),(423,1,7,2,2,'PETSMART INC.',884.45,'2018-08-20 00:00:00','2018-08-19 03:18:35','2018-08-19 03:18:35'),(424,1,15,2,2,'CAFE VILLAGGIO VANCOUVER BC',708.66,'2018-09-06 00:00:00','2018-08-19 03:18:35','2018-08-19 03:18:35'),(425,1,15,2,2,'CAFE VILLAGGIO VANCOUVER BC',646.39,'2018-08-06 00:00:00','2018-08-19 03:18:35','2018-08-19 03:18:35'),(426,1,18,2,2,'WALMART SUPERCENTERVANCOUVER BC',37.92,'2018-07-04 00:00:00','2018-08-19 03:18:35','2018-08-19 03:18:35'),(427,1,9,2,2,'CLUBLEGENDARYPREFERRED',455.02,'2018-08-26 00:00:00','2018-08-19 03:18:36','2018-08-19 03:18:36'),(428,1,7,2,2,'PETSMART INC.',753.52,'2018-09-12 00:00:00','2018-08-19 03:18:36','2018-08-19 03:18:36'),(429,1,10,2,2,'DOLLARAMA',936.28,'2018-07-04 00:00:00','2018-08-19 03:18:36','2018-08-19 03:18:36'),(430,1,10,2,2,'DOLLARAMA',258.98,'2018-07-31 00:00:00','2018-08-19 03:18:36','2018-08-19 03:18:36'),(431,1,15,2,2,'VIETSUB VIETNAM',864.66,'2018-09-09 00:00:00','2018-08-19 03:18:36','2018-08-19 03:18:36'),(432,1,15,2,2,'VIETSUB VIETNAM',218.56,'2018-07-16 00:00:00','2018-08-19 03:18:36','2018-08-19 03:18:36'),(433,1,18,2,2,'WALMART SUPERCENTERVANCOUVER BC',182.95,'2018-07-11 00:00:00','2018-08-19 03:18:36','2018-08-19 03:18:36'),(434,1,17,2,2,'STARBUCKS VANCOUVER BC',96.82,'2018-08-16 00:00:00','2018-08-19 03:18:36','2018-08-19 03:18:36'),(435,1,7,2,2,'PETSMART INC.',261.85,'2018-08-09 00:00:00','2018-08-19 03:18:36','2018-08-19 03:18:36'),(436,1,15,2,2,'CAFE VILLAGGIO VANCOUVER BC',431.77,'2018-08-30 00:00:00','2018-08-19 03:18:36','2018-08-19 03:18:36'),(437,1,18,2,2,'WALMART SUPERCENTERVANCOUVER BC',24.86,'2018-08-08 00:00:00','2018-08-19 03:18:36','2018-08-19 03:18:36'),(438,1,7,2,2,'PETSMART INC.',178.30,'2018-08-05 00:00:00','2018-08-19 03:18:36','2018-08-19 03:18:36'),(439,1,17,2,2,'STARBUCKS VANCOUVER BC',67.02,'2018-08-06 00:00:00','2018-08-19 03:18:36','2018-08-19 03:18:36'),(440,1,10,2,2,'DOLLARAMA',262.57,'2018-07-07 00:00:00','2018-08-19 03:18:36','2018-08-19 03:18:36'),(441,1,9,2,2,'CLUBLEGENDARYPREFERRED',36.35,'2018-08-10 00:00:00','2018-08-19 03:18:36','2018-08-19 03:18:36'),(442,1,10,2,2,'DOLLARAMA',329.86,'2018-09-17 00:00:00','2018-08-19 03:18:36','2018-08-19 03:18:36'),(443,1,15,2,2,'VIETSUB VIETNAM',394.24,'2018-09-06 00:00:00','2018-08-19 03:18:36','2018-08-19 03:18:36'),(444,1,19,2,2,'LONDON DRUGS NORTH VANCOUVBC',33.76,'2018-08-12 00:00:00','2018-08-19 03:18:36','2018-08-19 03:18:36'),(445,1,15,2,2,'VIETSUB VIETNAM',938.88,'2018-09-01 00:00:00','2018-08-19 03:18:36','2018-08-19 03:18:36'),(446,1,18,2,2,'WALMART SUPERCENTERVANCOUVER BC',478.70,'2018-07-03 00:00:00','2018-08-19 03:18:36','2018-08-19 03:18:36'),(447,1,17,2,2,'TIM HORTONS QTH N VANCOUVER BC',999.11,'2018-09-26 00:00:00','2018-08-19 03:18:36','2018-08-19 03:18:36'),(448,1,18,2,2,'WALMART SUPERCENTERVANCOUVER BC',728.42,'2018-09-09 00:00:00','2018-08-19 03:18:36','2018-08-19 03:18:36'),(449,1,15,2,2,'VIETSUB VIETNAM',456.23,'2018-07-22 00:00:00','2018-08-19 03:18:36','2018-08-19 03:18:36'),(450,1,11,2,2,'Cable TV Bill Pmt SHAW CABLE TV',973.98,'2018-08-19 00:00:00','2018-08-19 03:18:36','2018-08-19 03:18:36'),(451,1,18,2,2,'WALMART SUPERCENTERVANCOUVER BC',769.38,'2018-07-20 00:00:00','2018-08-19 03:18:36','2018-08-19 03:18:36'),(452,1,17,2,2,'STARBUCKS VANCOUVER BC',922.63,'2018-07-23 00:00:00','2018-08-19 03:18:36','2018-08-19 03:18:36'),(453,1,15,2,2,'VIETSUB VIETNAM',723.38,'2018-07-25 00:00:00','2018-08-19 03:18:36','2018-08-19 03:18:36'),(454,1,9,2,2,'CLUBLEGENDARYPREFERRED',749.82,'2018-09-03 00:00:00','2018-08-19 03:18:36','2018-08-19 03:18:36'),(455,1,18,2,2,'WALMART SUPERCENTERVANCOUVER BC',122.37,'2018-09-02 00:00:00','2018-08-19 03:18:36','2018-08-19 03:18:36'),(456,1,15,2,2,'VIETSUB VIETNAM',205.19,'2018-08-19 00:00:00','2018-08-19 03:18:36','2018-08-19 03:18:36'),(457,1,11,2,2,'Cable TV Bill Pmt SHAW CABLE TV',461.78,'2018-07-13 00:00:00','2018-08-19 03:18:36','2018-08-19 03:18:36'),(458,1,7,2,2,'BOSLEYS BY PET VALU NORTH VANCOUVBC',782.75,'2018-07-16 00:00:00','2018-08-19 03:18:36','2018-08-19 03:18:36'),(459,1,18,2,2,'SAVE ON FOODS NORTH VANCOUVBC',198.16,'2018-07-10 00:00:00','2018-08-19 03:18:36','2018-08-19 03:18:36'),(460,1,9,2,2,'CLUBLEGENDARYPREFERRED',729.19,'2018-07-03 00:00:00','2018-08-19 03:18:36','2018-08-19 03:18:36'),(461,1,11,2,2,'Cable TV Bill Pmt SHAW CABLE TV',739.55,'2018-09-04 00:00:00','2018-08-19 03:18:36','2018-08-19 03:18:36'),(462,1,18,2,2,'SAFEWAY VANCOUVER BC',173.73,'2018-08-11 00:00:00','2018-08-19 03:18:36','2018-08-19 03:18:36'),(463,1,18,2,2,'SAFEWAY VANCOUVER BC',544.52,'2018-08-28 00:00:00','2018-08-19 03:18:36','2018-08-19 03:18:36'),(464,1,10,2,2,'MOUNTAIN WAREHOUSE RICHMOND BC',511.67,'2018-09-28 00:00:00','2018-08-19 03:18:36','2018-08-19 03:18:36'),(465,1,18,2,2,'SAVE ON FOODS NORTH VANCOUVBC',813.56,'2018-07-22 00:00:00','2018-08-19 03:18:36','2018-08-19 03:18:36'),(466,1,10,2,2,'MOUNTAIN WAREHOUSE RICHMOND BC',176.07,'2018-08-09 00:00:00','2018-08-19 03:18:36','2018-08-19 03:18:36'),(467,1,9,2,2,'CLUBLEGENDARYPREFERRED',649.36,'2018-09-23 00:00:00','2018-08-19 03:18:36','2018-08-19 03:18:36'),(468,1,15,2,2,'VIETSUB VIETNAM',91.91,'2018-09-29 00:00:00','2018-08-19 03:18:37','2018-08-19 03:18:37'),(469,1,15,2,2,'ALHADBAH MEDITERRANEAN FVANCOUVER BC',498.80,'2018-09-19 00:00:00','2018-08-19 03:18:37','2018-08-19 03:18:37'),(470,1,15,2,2,'VIETSUB VIETNAM',98.01,'2018-07-13 00:00:00','2018-08-19 03:18:37','2018-08-19 03:18:37'),(471,1,11,2,2,'Cable TV Bill Pmt SHAW CABLE TV',613.24,'2018-09-15 00:00:00','2018-08-19 03:18:37','2018-08-19 03:18:37'),(472,1,10,2,2,'DOLLARAMA',330.33,'2018-08-20 00:00:00','2018-08-19 03:18:37','2018-08-19 03:18:37'),(473,1,17,2,2,'STARBUCKS VANCOUVER BC',104.71,'2018-08-04 00:00:00','2018-08-19 03:18:37','2018-08-19 03:18:37'),(474,1,18,2,2,'WALMART SUPERCENTERVANCOUVER BC',999.21,'2018-07-10 00:00:00','2018-08-19 03:18:37','2018-08-19 03:18:37'),(475,1,15,2,2,'VIETSUB VIETNAM',25.51,'2018-09-01 00:00:00','2018-08-19 03:18:37','2018-08-19 03:18:37'),(476,1,7,2,2,'PETSMART INC.',89.73,'2018-07-30 00:00:00','2018-08-19 03:18:37','2018-08-19 03:18:37'),(477,1,18,2,2,'SAVE ON FOODS NORTH VANCOUVBC',134.70,'2018-07-07 00:00:00','2018-08-19 03:18:37','2018-08-19 03:18:37'),(478,1,17,2,2,'STARBUCKS VANCOUVER BC',987.51,'2018-07-31 00:00:00','2018-08-19 03:18:37','2018-08-19 03:18:37'),(479,1,15,2,2,'ALHADBAH MEDITERRANEAN FVANCOUVER BC',669.02,'2018-08-07 00:00:00','2018-08-19 03:18:37','2018-08-19 03:18:37'),(480,1,7,2,2,'PETSMART INC.',107.91,'2018-08-24 00:00:00','2018-08-19 03:18:37','2018-08-19 03:18:37'),(481,1,11,2,2,'Cable TV Bill Pmt SHAW CABLE TV',438.07,'2018-07-14 00:00:00','2018-08-19 03:18:37','2018-08-19 03:18:37'),(482,1,10,2,2,'DOLLARAMA',4.33,'2018-09-03 00:00:00','2018-08-19 03:18:37','2018-08-19 03:18:37'),(483,1,15,2,2,'VIETSUB VIETNAM',460.75,'2018-08-15 00:00:00','2018-08-19 03:18:37','2018-08-19 03:18:37'),(484,1,10,2,2,'MOUNTAIN WAREHOUSE RICHMOND BC',606.30,'2018-09-19 00:00:00','2018-08-19 03:18:37','2018-08-19 03:18:37'),(485,1,11,2,2,'Cable TV Bill Pmt SHAW CABLE TV',974.85,'2018-09-17 00:00:00','2018-08-19 03:18:37','2018-08-19 03:18:37'),(486,1,15,2,2,'VIETSUB VIETNAM',90.87,'2018-07-02 00:00:00','2018-08-19 03:18:37','2018-08-19 03:18:37'),(487,1,18,2,2,'SAFEWAY VANCOUVER BC',828.41,'2018-07-14 00:00:00','2018-08-19 03:18:37','2018-08-19 03:18:37'),(488,1,15,2,2,'CAFE VILLAGGIO VANCOUVER BC',283.10,'2018-07-17 00:00:00','2018-08-19 03:18:37','2018-08-19 03:18:37'),(489,1,17,2,2,'STARBUCKS VANCOUVER BC',608.23,'2018-08-01 00:00:00','2018-08-19 03:18:37','2018-08-19 03:18:37'),(490,1,7,2,2,'PETSMART INC.',203.58,'2018-07-17 00:00:00','2018-08-19 03:18:37','2018-08-19 03:18:37'),(491,1,9,2,2,'CLUBLEGENDARYPREFERRED',253.97,'2018-09-14 00:00:00','2018-08-19 03:18:37','2018-08-19 03:18:37'),(492,1,10,2,2,'MOUNTAIN WAREHOUSE RICHMOND BC',508.24,'2018-09-14 00:00:00','2018-08-19 03:18:37','2018-08-19 03:18:37'),(493,1,7,2,2,'BOSLEYS BY PET VALU NORTH VANCOUVBC',424.24,'2018-09-24 00:00:00','2018-08-19 03:18:37','2018-08-19 03:18:37'),(494,1,10,2,2,'MOUNTAIN WAREHOUSE RICHMOND BC',768.26,'2018-08-06 00:00:00','2018-08-19 03:18:37','2018-08-19 03:18:37'),(495,1,7,2,2,'BOSLEYS BY PET VALU NORTH VANCOUVBC',807.95,'2018-08-21 00:00:00','2018-08-19 03:18:37','2018-08-19 03:18:37'),(496,1,9,2,2,'CLUBLEGENDARYPREFERRED',638.48,'2018-09-04 00:00:00','2018-08-19 03:18:37','2018-08-19 03:18:37'),(497,1,17,2,2,'STARBUCKS VANCOUVER BC',886.23,'2018-08-15 00:00:00','2018-08-19 03:18:37','2018-08-19 03:18:37'),(498,1,15,2,2,'ALHADBAH MEDITERRANEAN FVANCOUVER BC',969.47,'2018-07-16 00:00:00','2018-08-19 03:18:37','2018-08-19 03:18:37'),(499,1,7,2,2,'PETSMART INC.',902.34,'2018-08-12 00:00:00','2018-08-19 03:18:37','2018-08-19 03:18:37'),(500,1,18,2,2,'SAFEWAY VANCOUVER BC',514.35,'2018-07-29 00:00:00','2018-08-19 03:18:37','2018-08-19 03:18:37'),(501,1,18,2,2,'SAFEWAY VANCOUVER BC',481.98,'2018-08-07 00:00:00','2018-08-19 03:18:37','2018-08-19 03:18:37'),(502,1,17,2,2,'STARBUCKS VANCOUVER BC',160.60,'2018-07-12 00:00:00','2018-08-19 03:18:37','2018-08-19 03:18:37'),(503,1,7,2,2,'BOSLEYS BY PET VALU NORTH VANCOUVBC',7.19,'2018-07-29 00:00:00','2018-08-19 03:18:37','2018-08-19 03:18:37'),(504,1,10,2,2,'DOLLARAMA',600.79,'2018-09-23 00:00:00','2018-08-19 03:18:37','2018-08-19 03:18:37'),(505,1,18,2,2,'WALMART SUPERCENTERVANCOUVER BC',948.84,'2018-09-24 00:00:00','2018-08-19 03:18:37','2018-08-19 03:18:37'),(506,1,15,2,2,'ALHADBAH MEDITERRANEAN FVANCOUVER BC',585.79,'2018-07-14 00:00:00','2018-08-19 03:18:37','2018-08-19 03:18:37'),(507,1,17,2,2,'TIM HORTONS QTH N VANCOUVER BC',16.26,'2018-07-17 00:00:00','2018-08-19 03:18:37','2018-08-19 03:18:37'),(508,1,10,2,2,'DOLLARAMA',495.58,'2018-09-09 00:00:00','2018-08-19 03:18:37','2018-08-19 03:18:37'),(509,1,15,2,2,'ALHADBAH MEDITERRANEAN FVANCOUVER BC',284.92,'2018-09-10 00:00:00','2018-08-19 03:18:38','2018-08-19 03:18:38'),(510,1,18,2,2,'SAVE ON FOODS NORTH VANCOUVBC',888.51,'2018-08-28 00:00:00','2018-08-19 03:18:38','2018-08-19 03:18:38'),(511,1,7,2,2,'PETSMART INC.',816.31,'2018-08-26 00:00:00','2018-08-19 03:18:38','2018-08-19 03:18:38'),(512,1,11,2,2,'Cable TV Bill Pmt SHAW CABLE TV',323.32,'2018-07-25 00:00:00','2018-08-19 03:18:38','2018-08-19 03:18:38'),(513,1,15,2,2,'ALHADBAH MEDITERRANEAN FVANCOUVER BC',606.68,'2018-07-11 00:00:00','2018-08-19 03:18:38','2018-08-19 03:18:38'),(514,1,17,2,2,'TIM HORTONS QTH N VANCOUVER BC',139.40,'2018-07-26 00:00:00','2018-08-19 03:18:38','2018-08-19 03:18:38'),(515,1,18,2,2,'WALMART SUPERCENTERVANCOUVER BC',612.79,'2018-08-21 00:00:00','2018-08-19 03:18:38','2018-08-19 03:18:38'),(516,1,17,2,2,'TIM HORTONS QTH N VANCOUVER BC',597.78,'2018-07-05 00:00:00','2018-08-19 03:18:38','2018-08-19 03:18:38'),(517,1,18,2,2,'SAVE ON FOODS NORTH VANCOUVBC',326.61,'2018-07-22 00:00:00','2018-08-19 03:18:38','2018-08-19 03:18:38'),(518,1,7,2,2,'BOSLEYS BY PET VALU NORTH VANCOUVBC',125.53,'2018-08-21 00:00:00','2018-08-19 03:18:38','2018-08-19 03:18:38'),(519,1,11,2,2,'Cable TV Bill Pmt SHAW CABLE TV',480.18,'2018-08-04 00:00:00','2018-08-19 03:18:38','2018-08-19 03:18:38'),(520,1,7,2,2,'BOSLEYS BY PET VALU NORTH VANCOUVBC',993.95,'2018-09-23 00:00:00','2018-08-19 03:18:38','2018-08-19 03:18:38'),(521,1,9,2,2,'CLUBLEGENDARYPREFERRED',21.65,'2018-07-22 00:00:00','2018-08-19 03:18:38','2018-08-19 03:18:38'),(522,1,11,2,2,'Cable TV Bill Pmt SHAW CABLE TV',995.81,'2018-09-13 00:00:00','2018-08-19 03:18:38','2018-08-19 03:18:38'),(523,1,11,2,2,'Cable TV Bill Pmt SHAW CABLE TV',13.49,'2018-07-27 00:00:00','2018-08-19 03:18:38','2018-08-19 03:18:38'),(524,1,18,2,2,'SAFEWAY VANCOUVER BC',680.46,'2018-09-06 00:00:00','2018-08-19 03:18:38','2018-08-19 03:18:38'),(525,1,18,2,2,'SAVE ON FOODS NORTH VANCOUVBC',326.43,'2018-09-09 00:00:00','2018-08-19 03:18:38','2018-08-19 03:18:38'),(526,1,15,2,2,'CAFE VILLAGGIO VANCOUVER BC',109.57,'2018-07-30 00:00:00','2018-08-19 03:18:38','2018-08-19 03:18:38'),(527,1,9,2,2,'CLUBLEGENDARYPREFERRED',415.39,'2018-08-20 00:00:00','2018-08-19 03:18:38','2018-08-19 03:18:38'),(528,1,19,2,2,'LONDON DRUGS NORTH VANCOUVBC',800.22,'2018-08-28 00:00:00','2018-08-19 03:18:38','2018-08-19 03:18:38'),(529,1,7,2,2,'PETSMART INC.',526.28,'2018-07-18 00:00:00','2018-08-19 03:18:38','2018-08-19 03:18:38'),(530,1,9,2,2,'CLUBLEGENDARYPREFERRED',834.95,'2018-07-18 00:00:00','2018-08-19 03:18:38','2018-08-19 03:18:38'),(531,1,19,2,2,'LONDON DRUGS NORTH VANCOUVBC',762.79,'2018-09-10 00:00:00','2018-08-19 03:18:38','2018-08-19 03:18:38'),(532,1,10,2,2,'DOLLARAMA',72.66,'2018-07-17 00:00:00','2018-08-19 03:18:38','2018-08-19 03:18:38'),(533,1,18,2,2,'SAFEWAY VANCOUVER BC',705.69,'2018-09-27 00:00:00','2018-08-19 03:18:38','2018-08-19 03:18:38'),(534,1,18,2,2,'WALMART SUPERCENTERVANCOUVER BC',803.71,'2018-09-13 00:00:00','2018-08-19 03:18:38','2018-08-19 03:18:38'),(535,1,9,2,2,'CLUBLEGENDARYPREFERRED',263.33,'2018-08-20 00:00:00','2018-08-19 03:18:38','2018-08-19 03:18:38'),(536,1,19,2,2,'LONDON DRUGS NORTH VANCOUVBC',467.81,'2018-08-30 00:00:00','2018-08-19 03:18:38','2018-08-19 03:18:38'),(537,1,11,2,2,'Cable TV Bill Pmt SHAW CABLE TV',798.36,'2018-09-24 00:00:00','2018-08-19 03:18:38','2018-08-19 03:18:38'),(538,1,15,2,2,'ALHADBAH MEDITERRANEAN FVANCOUVER BC',976.93,'2018-08-12 00:00:00','2018-08-19 03:18:38','2018-08-19 03:18:38'),(539,1,10,2,2,'MOUNTAIN WAREHOUSE RICHMOND BC',268.83,'2018-09-10 00:00:00','2018-08-19 03:18:38','2018-08-19 03:18:38'),(540,1,18,2,2,'SAFEWAY VANCOUVER BC',763.80,'2018-08-23 00:00:00','2018-08-19 03:18:38','2018-08-19 03:18:38'),(541,1,15,2,2,'VIETSUB VIETNAM',154.18,'2018-07-11 00:00:00','2018-08-19 03:18:38','2018-08-19 03:18:38'),(542,1,15,2,2,'ALHADBAH MEDITERRANEAN FVANCOUVER BC',352.49,'2018-07-08 00:00:00','2018-08-19 03:18:38','2018-08-19 03:18:38'),(543,1,11,2,2,'Cable TV Bill Pmt SHAW CABLE TV',822.49,'2018-08-08 00:00:00','2018-08-19 03:18:38','2018-08-19 03:18:38'),(544,1,15,2,2,'CAFE VILLAGGIO VANCOUVER BC',762.87,'2018-07-12 00:00:00','2018-08-19 03:18:38','2018-08-19 03:18:38'),(545,1,15,2,2,'VIETSUB VIETNAM',243.80,'2018-08-04 00:00:00','2018-08-19 03:18:38','2018-08-19 03:18:38'),(546,1,15,2,2,'ALHADBAH MEDITERRANEAN FVANCOUVER BC',572.68,'2018-08-03 00:00:00','2018-08-19 03:18:38','2018-08-19 03:18:38'),(547,1,11,2,2,'Cable TV Bill Pmt SHAW CABLE TV',451.52,'2018-07-21 00:00:00','2018-08-19 03:18:38','2018-08-19 03:18:38'),(548,1,19,2,2,'LONDON DRUGS NORTH VANCOUVBC',139.72,'2018-07-05 00:00:00','2018-08-19 03:18:38','2018-08-19 03:18:38'),(549,1,18,2,2,'SAFEWAY VANCOUVER BC',379.19,'2018-09-02 00:00:00','2018-08-19 03:18:38','2018-08-19 03:18:38'),(550,1,18,2,2,'WALMART SUPERCENTERVANCOUVER BC',435.23,'2018-07-18 00:00:00','2018-08-19 03:18:38','2018-08-19 03:18:38'),(551,1,11,2,2,'Cable TV Bill Pmt SHAW CABLE TV',973.91,'2018-09-20 00:00:00','2018-08-19 03:18:39','2018-08-19 03:18:39'),(552,1,15,2,2,'VIETSUB VIETNAM',766.09,'2018-08-13 00:00:00','2018-08-19 03:18:39','2018-08-19 03:18:39'),(553,1,7,2,2,'BOSLEYS BY PET VALU NORTH VANCOUVBC',826.21,'2018-07-05 00:00:00','2018-08-19 03:18:39','2018-08-19 03:18:39'),(554,1,18,2,2,'WALMART SUPERCENTERVANCOUVER BC',394.02,'2018-08-23 00:00:00','2018-08-19 03:18:39','2018-08-19 03:18:39'),(555,1,7,2,2,'PETSMART INC.',643.98,'2018-08-12 00:00:00','2018-08-19 03:18:39','2018-08-19 03:18:39'),(556,1,9,2,2,'CLUBLEGENDARYPREFERRED',126.08,'2018-08-22 00:00:00','2018-08-19 03:18:39','2018-08-19 03:18:39'),(557,1,17,2,2,'TIM HORTONS QTH N VANCOUVER BC',147.87,'2018-09-05 00:00:00','2018-08-19 03:18:39','2018-08-19 03:18:39'),(558,1,10,2,2,'MOUNTAIN WAREHOUSE RICHMOND BC',20.97,'2018-09-15 00:00:00','2018-08-19 03:18:39','2018-08-19 03:18:39'),(559,1,11,2,2,'Cable TV Bill Pmt SHAW CABLE TV',530.75,'2018-09-09 00:00:00','2018-08-19 03:18:39','2018-08-19 03:18:39'),(560,1,10,2,2,'MOUNTAIN WAREHOUSE RICHMOND BC',924.90,'2018-09-10 00:00:00','2018-08-19 03:18:39','2018-08-19 03:18:39'),(561,1,15,2,2,'VIETSUB VIETNAM',360.30,'2018-08-08 00:00:00','2018-08-19 03:18:39','2018-08-19 03:18:39'),(562,1,7,2,2,'PETSMART INC.',943.23,'2018-08-23 00:00:00','2018-08-19 03:18:39','2018-08-19 03:18:39'),(563,1,18,2,2,'SAFEWAY VANCOUVER BC',254.73,'2018-09-28 00:00:00','2018-08-19 03:18:39','2018-08-19 03:18:39'),(564,1,15,2,2,'ALHADBAH MEDITERRANEAN FVANCOUVER BC',886.38,'2018-07-06 00:00:00','2018-08-19 03:18:39','2018-08-19 03:18:39'),(565,1,10,2,2,'DOLLARAMA',9.06,'2018-07-27 00:00:00','2018-08-19 03:18:39','2018-08-19 03:18:39'),(566,1,18,2,2,'SAVE ON FOODS NORTH VANCOUVBC',154.80,'2018-09-26 00:00:00','2018-08-19 03:18:39','2018-08-19 03:18:39'),(567,1,15,2,2,'CAFE VILLAGGIO VANCOUVER BC',417.09,'2018-09-17 00:00:00','2018-08-19 03:18:39','2018-08-19 03:18:39'),(568,1,7,2,2,'BOSLEYS BY PET VALU NORTH VANCOUVBC',717.58,'2018-08-05 00:00:00','2018-08-19 03:18:39','2018-08-19 03:18:39'),(569,1,10,2,2,'DOLLARAMA',877.77,'2018-09-03 00:00:00','2018-08-19 03:18:39','2018-08-19 03:18:39'),(570,1,15,2,2,'CAFE VILLAGGIO VANCOUVER BC',476.51,'2018-09-06 00:00:00','2018-08-19 03:18:39','2018-08-19 03:18:39'),(571,1,7,2,2,'PETSMART INC.',205.94,'2018-07-29 00:00:00','2018-08-19 03:18:39','2018-08-19 03:18:39'),(572,1,10,2,2,'MOUNTAIN WAREHOUSE RICHMOND BC',124.37,'2018-08-21 00:00:00','2018-08-19 03:18:39','2018-08-19 03:18:39'),(573,1,17,2,2,'STARBUCKS VANCOUVER BC',88.90,'2018-09-03 00:00:00','2018-08-19 03:18:39','2018-08-19 03:18:39'),(574,1,15,2,2,'ALHADBAH MEDITERRANEAN FVANCOUVER BC',467.84,'2018-08-27 00:00:00','2018-08-19 03:18:39','2018-08-19 03:18:39'),(575,1,7,2,2,'PETSMART INC.',285.54,'2018-07-22 00:00:00','2018-08-19 03:18:39','2018-08-19 03:18:39'),(576,1,11,2,2,'Cable TV Bill Pmt SHAW CABLE TV',146.73,'2018-08-14 00:00:00','2018-08-19 03:18:39','2018-08-19 03:18:39'),(577,1,17,2,2,'TIM HORTONS QTH N VANCOUVER BC',611.64,'2018-07-01 00:00:00','2018-08-19 03:18:39','2018-08-19 03:18:39'),(578,1,9,2,2,'CLUBLEGENDARYPREFERRED',212.74,'2018-07-09 00:00:00','2018-08-19 03:18:39','2018-08-19 03:18:39'),(579,1,9,2,2,'CLUBLEGENDARYPREFERRED',607.67,'2018-07-02 00:00:00','2018-08-19 03:18:39','2018-08-19 03:18:39'),(580,1,15,2,2,'VIETSUB VIETNAM',584.19,'2018-08-24 00:00:00','2018-08-19 03:18:39','2018-08-19 03:18:39'),(581,1,18,2,2,'SAFEWAY VANCOUVER BC',205.57,'2018-09-02 00:00:00','2018-08-19 03:18:39','2018-08-19 03:18:39'),(582,1,17,2,2,'STARBUCKS VANCOUVER BC',389.94,'2018-09-10 00:00:00','2018-08-19 03:18:39','2018-08-19 03:18:39'),(583,1,17,2,2,'STARBUCKS VANCOUVER BC',834.43,'2018-08-24 00:00:00','2018-08-19 03:18:39','2018-08-19 03:18:39'),(584,1,15,2,2,'VIETSUB VIETNAM',809.25,'2018-08-31 00:00:00','2018-08-19 03:18:39','2018-08-19 03:18:39'),(585,1,11,2,2,'Cable TV Bill Pmt SHAW CABLE TV',996.67,'2018-08-15 00:00:00','2018-08-19 03:18:39','2018-08-19 03:18:39'),(586,1,17,2,2,'STARBUCKS VANCOUVER BC',80.76,'2018-07-19 00:00:00','2018-08-19 03:18:39','2018-08-19 03:18:39'),(587,1,15,2,2,'CAFE VILLAGGIO VANCOUVER BC',820.53,'2018-08-05 00:00:00','2018-08-19 03:18:39','2018-08-19 03:18:39'),(588,1,17,2,2,'TIM HORTONS QTH N VANCOUVER BC',484.09,'2018-07-26 00:00:00','2018-08-19 03:18:39','2018-08-19 03:18:39'),(589,1,7,2,2,'PETSMART INC.',816.18,'2018-08-14 00:00:00','2018-08-19 03:18:39','2018-08-19 03:18:39'),(590,1,7,2,2,'BOSLEYS BY PET VALU NORTH VANCOUVBC',696.63,'2018-09-01 00:00:00','2018-08-19 03:18:39','2018-08-19 03:18:39'),(591,1,9,2,2,'CLUBLEGENDARYPREFERRED',625.61,'2018-08-03 00:00:00','2018-08-19 03:18:39','2018-08-19 03:18:39'),(592,1,10,2,2,'DOLLARAMA',424.21,'2018-09-27 00:00:00','2018-08-19 03:18:40','2018-08-19 03:18:40'),(593,1,7,2,2,'PETSMART INC.',205.23,'2018-07-30 00:00:00','2018-08-19 03:18:40','2018-08-19 03:18:40'),(594,1,17,2,2,'STARBUCKS VANCOUVER BC',430.97,'2018-09-01 00:00:00','2018-08-19 03:18:40','2018-08-19 03:18:40'),(595,1,9,2,2,'CLUBLEGENDARYPREFERRED',459.95,'2018-08-03 00:00:00','2018-08-19 03:18:40','2018-08-19 03:18:40'),(596,1,10,2,2,'MOUNTAIN WAREHOUSE RICHMOND BC',71.69,'2018-08-10 00:00:00','2018-08-19 03:18:40','2018-08-19 03:18:40'),(597,1,10,2,2,'DOLLARAMA',126.55,'2018-09-24 00:00:00','2018-08-19 03:18:40','2018-08-19 03:18:40'),(598,1,15,2,2,'VIETSUB VIETNAM',289.31,'2018-09-25 00:00:00','2018-08-19 03:18:40','2018-08-19 03:18:40'),(599,1,9,2,2,'CLUBLEGENDARYPREFERRED',237.25,'2018-08-04 00:00:00','2018-08-19 03:18:40','2018-08-19 03:18:40'),(600,1,11,2,2,'Cable TV Bill Pmt SHAW CABLE TV',325.93,'2018-09-28 00:00:00','2018-08-19 03:18:40','2018-08-19 03:18:40'),(601,1,15,2,2,'VIETSUB VIETNAM',261.01,'2018-08-01 00:00:00','2018-08-19 03:18:40','2018-08-19 03:18:40'),(602,1,17,2,2,'STARBUCKS VANCOUVER BC',229.69,'2018-07-05 00:00:00','2018-08-19 03:18:40','2018-08-19 03:18:40'),(603,1,15,2,2,'ALHADBAH MEDITERRANEAN FVANCOUVER BC',165.67,'2018-08-27 00:00:00','2018-08-19 03:18:40','2018-08-19 03:18:40'),(604,1,9,2,2,'CLUBLEGENDARYPREFERRED',645.97,'2018-08-21 00:00:00','2018-08-19 03:18:40','2018-08-19 03:18:40'),(605,1,10,2,2,'DOLLARAMA',193.64,'2018-09-13 00:00:00','2018-08-19 03:18:40','2018-08-19 03:18:40'),(606,1,18,2,2,'WALMART SUPERCENTERVANCOUVER BC',102.40,'2018-09-12 00:00:00','2018-08-19 03:18:40','2018-08-19 03:18:40'),(607,1,17,2,2,'STARBUCKS VANCOUVER BC',119.02,'2018-07-07 00:00:00','2018-08-19 03:18:40','2018-08-19 03:18:40'),(608,1,11,2,2,'Cable TV Bill Pmt SHAW CABLE TV',863.34,'2018-08-06 00:00:00','2018-08-19 03:18:40','2018-08-19 03:18:40'),(609,1,7,2,2,'PETSMART INC.',115.45,'2018-07-20 00:00:00','2018-08-19 03:18:40','2018-08-19 03:18:40'),(610,1,18,2,2,'SAVE ON FOODS NORTH VANCOUVBC',671.58,'2018-08-31 00:00:00','2018-08-19 03:18:40','2018-08-19 03:18:40'),(611,1,15,2,2,'VIETSUB VIETNAM',583.84,'2018-08-22 00:00:00','2018-08-19 03:18:40','2018-08-19 03:18:40'),(612,1,15,2,2,'ALHADBAH MEDITERRANEAN FVANCOUVER BC',552.23,'2018-08-29 00:00:00','2018-08-19 03:18:40','2018-08-19 03:18:40'),(613,1,17,2,2,'TIM HORTONS QTH N VANCOUVER BC',497.11,'2018-09-19 00:00:00','2018-08-19 03:18:40','2018-08-19 03:18:40'),(614,1,9,2,2,'CLUBLEGENDARYPREFERRED',776.13,'2018-08-30 00:00:00','2018-08-19 03:18:40','2018-08-19 03:18:40'),(615,1,9,2,2,'CLUBLEGENDARYPREFERRED',446.51,'2018-07-02 00:00:00','2018-08-19 03:18:40','2018-08-19 03:18:40'),(616,1,10,2,2,'MOUNTAIN WAREHOUSE RICHMOND BC',836.17,'2018-08-15 00:00:00','2018-08-19 03:18:40','2018-08-19 03:18:40'),(617,1,15,2,2,'VIETSUB VIETNAM',100.80,'2018-09-04 00:00:00','2018-08-19 03:18:40','2018-08-19 03:18:40'),(618,1,15,2,2,'VIETSUB VIETNAM',966.25,'2018-08-04 00:00:00','2018-08-19 03:18:40','2018-08-19 03:18:40'),(619,1,15,2,2,'VIETSUB VIETNAM',85.77,'2018-08-26 00:00:00','2018-08-19 03:18:40','2018-08-19 03:18:40'),(620,1,18,2,2,'WALMART SUPERCENTERVANCOUVER BC',151.76,'2018-07-05 00:00:00','2018-08-19 03:18:40','2018-08-19 03:18:40'),(621,1,15,2,2,'VIETSUB VIETNAM',14.94,'2018-08-23 00:00:00','2018-08-19 03:18:40','2018-08-19 03:18:40'),(622,1,17,2,2,'TIM HORTONS QTH N VANCOUVER BC',788.68,'2018-09-25 00:00:00','2018-08-19 03:18:40','2018-08-19 03:18:40'),(623,1,7,2,2,'BOSLEYS BY PET VALU NORTH VANCOUVBC',87.41,'2018-07-15 00:00:00','2018-08-19 03:18:40','2018-08-19 03:18:40'),(624,1,15,2,2,'VIETSUB VIETNAM',329.46,'2018-07-10 00:00:00','2018-08-19 03:18:40','2018-08-19 03:18:40'),(625,1,7,2,2,'BOSLEYS BY PET VALU NORTH VANCOUVBC',274.83,'2018-08-03 00:00:00','2018-08-19 03:18:40','2018-08-19 03:18:40'),(626,1,15,2,2,'CAFE VILLAGGIO VANCOUVER BC',436.76,'2018-09-29 00:00:00','2018-08-19 03:18:40','2018-08-19 03:18:40'),(627,1,15,2,2,'VIETSUB VIETNAM',198.03,'2018-07-07 00:00:00','2018-08-19 03:18:40','2018-08-19 03:18:40'),(628,1,18,2,2,'WALMART SUPERCENTERVANCOUVER BC',395.76,'2018-08-27 00:00:00','2018-08-19 03:18:40','2018-08-19 03:18:40'),(629,1,17,2,2,'STARBUCKS VANCOUVER BC',152.27,'2018-09-23 00:00:00','2018-08-19 03:18:40','2018-08-19 03:18:40'),(630,1,17,2,2,'STARBUCKS VANCOUVER BC',818.88,'2018-07-30 00:00:00','2018-08-19 03:18:40','2018-08-19 03:18:40'),(631,1,11,2,2,'Cable TV Bill Pmt SHAW CABLE TV',956.92,'2018-07-20 00:00:00','2018-08-19 03:18:40','2018-08-19 03:18:40'),(632,1,7,2,2,'PETSMART INC.',655.20,'2018-07-24 00:00:00','2018-08-19 03:18:40','2018-08-19 03:18:40'),(633,1,15,2,2,'VIETSUB VIETNAM',747.84,'2018-08-21 00:00:00','2018-08-19 03:18:41','2018-08-19 03:18:41'),(634,1,10,2,2,'MOUNTAIN WAREHOUSE RICHMOND BC',640.75,'2018-09-20 00:00:00','2018-08-19 03:18:41','2018-08-19 03:18:41'),(635,1,10,2,2,'DOLLARAMA',491.02,'2018-07-21 00:00:00','2018-08-19 03:18:41','2018-08-19 03:18:41'),(636,1,18,2,2,'SAFEWAY VANCOUVER BC',387.85,'2018-07-05 00:00:00','2018-08-19 03:18:41','2018-08-19 03:18:41'),(637,1,19,2,2,'LONDON DRUGS NORTH VANCOUVBC',12.87,'2018-08-02 00:00:00','2018-08-19 03:18:41','2018-08-19 03:18:41'),(638,1,15,2,2,'ALHADBAH MEDITERRANEAN FVANCOUVER BC',484.96,'2018-08-14 00:00:00','2018-08-19 03:18:41','2018-08-19 03:18:41'),(639,1,15,2,2,'ALHADBAH MEDITERRANEAN FVANCOUVER BC',308.48,'2018-08-25 00:00:00','2018-08-19 03:18:41','2018-08-19 03:18:41'),(640,1,10,2,2,'MOUNTAIN WAREHOUSE RICHMOND BC',101.01,'2018-07-03 00:00:00','2018-08-19 03:18:41','2018-08-19 03:18:41'),(641,1,18,2,2,'SAVE ON FOODS NORTH VANCOUVBC',437.63,'2018-08-26 00:00:00','2018-08-19 03:18:41','2018-08-19 03:18:41'),(642,1,7,2,2,'PETSMART INC.',179.56,'2018-08-03 00:00:00','2018-08-19 03:18:41','2018-08-19 03:18:41'),(643,1,18,2,2,'WALMART SUPERCENTERVANCOUVER BC',453.71,'2018-08-04 00:00:00','2018-08-19 03:18:41','2018-08-19 03:18:41'),(644,1,18,2,2,'WALMART SUPERCENTERVANCOUVER BC',656.37,'2018-09-14 00:00:00','2018-08-19 03:18:41','2018-08-19 03:18:41'),(645,1,18,2,2,'SAVE ON FOODS NORTH VANCOUVBC',587.78,'2018-07-12 00:00:00','2018-08-19 03:18:41','2018-08-19 03:18:41'),(646,1,18,2,2,'SAVE ON FOODS NORTH VANCOUVBC',477.78,'2018-09-19 00:00:00','2018-08-19 03:18:41','2018-08-19 03:18:41'),(647,1,7,2,2,'PETSMART INC.',498.44,'2018-08-13 00:00:00','2018-08-19 03:18:41','2018-08-19 03:18:41'),(648,1,19,2,2,'LONDON DRUGS NORTH VANCOUVBC',390.90,'2018-08-22 00:00:00','2018-08-19 03:18:41','2018-08-19 03:18:41'),(649,1,15,2,2,'ALHADBAH MEDITERRANEAN FVANCOUVER BC',510.34,'2018-09-17 00:00:00','2018-08-19 03:18:41','2018-08-19 03:18:41'),(650,1,7,2,2,'BOSLEYS BY PET VALU NORTH VANCOUVBC',222.65,'2018-07-01 00:00:00','2018-08-19 03:18:41','2018-08-19 03:18:41'),(651,1,18,2,2,'SAVE ON FOODS NORTH VANCOUVBC',928.59,'2018-09-06 00:00:00','2018-08-19 03:18:41','2018-08-19 03:18:41'),(652,1,15,2,2,'VIETSUB VIETNAM',766.02,'2018-08-05 00:00:00','2018-08-19 03:18:41','2018-08-19 03:18:41'),(653,1,7,2,2,'BOSLEYS BY PET VALU NORTH VANCOUVBC',77.21,'2018-08-25 00:00:00','2018-08-19 03:18:41','2018-08-19 03:18:41'),(654,1,17,2,2,'TIM HORTONS QTH N VANCOUVER BC',25.56,'2018-09-02 00:00:00','2018-08-19 03:18:41','2018-08-19 03:18:41'),(655,1,17,2,2,'STARBUCKS VANCOUVER BC',822.90,'2018-08-25 00:00:00','2018-08-19 03:18:41','2018-08-19 03:18:41'),(656,1,17,2,2,'TIM HORTONS QTH N VANCOUVER BC',149.46,'2018-07-22 00:00:00','2018-08-19 03:18:41','2018-08-19 03:18:41'),(657,1,15,2,2,'CAFE VILLAGGIO VANCOUVER BC',839.97,'2018-08-12 00:00:00','2018-08-19 03:18:41','2018-08-19 03:18:41'),(658,1,9,2,2,'CLUBLEGENDARYPREFERRED',350.49,'2018-08-18 00:00:00','2018-08-19 03:18:41','2018-08-19 03:18:41'),(659,1,18,2,2,'SAFEWAY VANCOUVER BC',511.85,'2018-07-27 00:00:00','2018-08-19 03:18:41','2018-08-19 03:18:41'),(660,1,18,2,2,'SAFEWAY VANCOUVER BC',578.61,'2018-08-08 00:00:00','2018-08-19 03:18:41','2018-08-19 03:18:41'),(661,1,19,2,2,'LONDON DRUGS NORTH VANCOUVBC',910.85,'2018-07-25 00:00:00','2018-08-19 03:18:41','2018-08-19 03:18:41'),(662,1,18,2,2,'SAFEWAY VANCOUVER BC',863.32,'2018-09-03 00:00:00','2018-08-19 03:18:41','2018-08-19 03:18:41'),(663,1,18,2,2,'SAVE ON FOODS NORTH VANCOUVBC',104.02,'2018-09-29 00:00:00','2018-08-19 03:18:41','2018-08-19 03:18:41'),(664,1,17,2,2,'TIM HORTONS QTH N VANCOUVER BC',665.43,'2018-07-07 00:00:00','2018-08-19 03:18:41','2018-08-19 03:18:41'),(665,1,17,2,2,'TIM HORTONS QTH N VANCOUVER BC',752.29,'2018-07-04 00:00:00','2018-08-19 03:18:41','2018-08-19 03:18:41'),(666,1,15,2,2,'VIETSUB VIETNAM',505.52,'2018-07-24 00:00:00','2018-08-19 03:18:41','2018-08-19 03:18:41'),(667,1,15,2,2,'VIETSUB VIETNAM',480.21,'2018-08-21 00:00:00','2018-08-19 03:18:41','2018-08-19 03:18:41'),(668,1,18,2,2,'SAVE ON FOODS NORTH VANCOUVBC',16.57,'2018-08-04 00:00:00','2018-08-19 03:18:41','2018-08-19 03:18:41'),(669,1,7,2,2,'BOSLEYS BY PET VALU NORTH VANCOUVBC',3.45,'2018-08-28 00:00:00','2018-08-19 03:18:41','2018-08-19 03:18:41'),(670,1,10,2,2,'MOUNTAIN WAREHOUSE RICHMOND BC',124.37,'2018-08-21 00:00:00','2018-08-19 03:18:41','2018-08-19 03:18:41'),(671,1,15,2,2,'VIETSUB VIETNAM',892.10,'2018-09-08 00:00:00','2018-08-19 03:18:41','2018-08-19 03:18:41'),(672,1,10,2,2,'MOUNTAIN WAREHOUSE RICHMOND BC',88.59,'2018-09-14 00:00:00','2018-08-19 03:18:41','2018-08-19 03:18:41'),(673,1,18,2,2,'SAFEWAY VANCOUVER BC',961.12,'2018-07-06 00:00:00','2018-08-19 03:18:41','2018-08-19 03:18:41'),(674,1,18,2,2,'SAVE ON FOODS NORTH VANCOUVBC',371.52,'2018-08-02 00:00:00','2018-08-19 03:18:41','2018-08-19 03:18:41'),(675,1,15,2,2,'CAFE VILLAGGIO VANCOUVER BC',847.19,'2018-09-01 00:00:00','2018-08-19 03:18:42','2018-08-19 03:18:42'),(676,1,15,2,2,'VIETSUB VIETNAM',617.26,'2018-08-04 00:00:00','2018-08-19 03:18:42','2018-08-19 03:18:42'),(677,1,18,2,2,'WALMART SUPERCENTERVANCOUVER BC',194.94,'2018-07-17 00:00:00','2018-08-19 03:18:42','2018-08-19 03:18:42'),(678,1,7,2,2,'PETSMART INC.',141.10,'2018-09-07 00:00:00','2018-08-19 03:18:42','2018-08-19 03:18:42'),(679,1,15,2,2,'VIETSUB VIETNAM',126.97,'2018-08-03 00:00:00','2018-08-19 03:18:42','2018-08-19 03:18:42'),(680,1,10,2,2,'DOLLARAMA',845.14,'2018-08-21 00:00:00','2018-08-19 03:18:42','2018-08-19 03:18:42'),(681,1,19,2,2,'LONDON DRUGS NORTH VANCOUVBC',375.58,'2018-08-27 00:00:00','2018-08-19 03:18:42','2018-08-19 03:18:42'),(682,1,18,2,2,'WALMART SUPERCENTERVANCOUVER BC',876.61,'2018-09-25 00:00:00','2018-08-19 03:18:42','2018-08-19 03:18:42'),(683,1,19,2,2,'LONDON DRUGS NORTH VANCOUVBC',282.22,'2018-09-17 00:00:00','2018-08-19 03:18:42','2018-08-19 03:18:42'),(684,1,18,2,2,'SAFEWAY VANCOUVER BC',252.66,'2018-07-15 00:00:00','2018-08-19 03:18:42','2018-08-19 03:18:42'),(685,1,17,2,2,'STARBUCKS VANCOUVER BC',710.05,'2018-07-09 00:00:00','2018-08-19 03:18:42','2018-08-19 03:18:42'),(686,1,19,2,2,'LONDON DRUGS NORTH VANCOUVBC',328.34,'2018-08-18 00:00:00','2018-08-19 03:18:42','2018-08-19 03:18:42'),(687,1,10,2,2,'MOUNTAIN WAREHOUSE RICHMOND BC',908.66,'2018-07-14 00:00:00','2018-08-19 03:18:42','2018-08-19 03:18:42'),(688,1,7,2,2,'BOSLEYS BY PET VALU NORTH VANCOUVBC',860.50,'2018-07-14 00:00:00','2018-08-19 03:18:42','2018-08-19 03:18:42'),(689,1,10,2,2,'MOUNTAIN WAREHOUSE RICHMOND BC',935.02,'2018-09-21 00:00:00','2018-08-19 03:18:42','2018-08-19 03:18:42'),(690,1,9,2,2,'CLUBLEGENDARYPREFERRED',644.72,'2018-09-02 00:00:00','2018-08-19 03:18:42','2018-08-19 03:18:42'),(691,1,10,2,2,'MOUNTAIN WAREHOUSE RICHMOND BC',163.69,'2018-07-24 00:00:00','2018-08-19 03:18:42','2018-08-19 03:18:42'),(692,1,19,2,2,'LONDON DRUGS NORTH VANCOUVBC',226.14,'2018-09-27 00:00:00','2018-08-19 03:18:42','2018-08-19 03:18:42'),(693,1,19,2,2,'LONDON DRUGS NORTH VANCOUVBC',970.46,'2018-08-21 00:00:00','2018-08-19 03:18:42','2018-08-19 03:18:42'),(694,1,18,2,2,'SAFEWAY VANCOUVER BC',926.25,'2018-08-25 00:00:00','2018-08-19 03:18:42','2018-08-19 03:18:42'),(695,1,15,2,2,'CAFE VILLAGGIO VANCOUVER BC',36.23,'2018-08-21 00:00:00','2018-08-19 03:18:42','2018-08-19 03:18:42'),(696,1,19,2,2,'LONDON DRUGS NORTH VANCOUVBC',881.17,'2018-08-15 00:00:00','2018-08-19 03:18:42','2018-08-19 03:18:42'),(697,1,18,2,2,'SAVE ON FOODS NORTH VANCOUVBC',935.58,'2018-09-14 00:00:00','2018-08-19 03:18:42','2018-08-19 03:18:42'),(698,1,10,2,2,'MOUNTAIN WAREHOUSE RICHMOND BC',7.91,'2018-07-26 00:00:00','2018-08-19 03:18:42','2018-08-19 03:18:42'),(699,1,15,2,2,'CAFE VILLAGGIO VANCOUVER BC',384.33,'2018-07-06 00:00:00','2018-08-19 03:18:42','2018-08-19 03:18:42'),(700,1,15,2,2,'CAFE VILLAGGIO VANCOUVER BC',358.11,'2018-07-16 00:00:00','2018-08-19 03:18:42','2018-08-19 03:18:42'),(701,1,11,2,2,'Cable TV Bill Pmt SHAW CABLE TV',946.24,'2018-07-19 00:00:00','2018-08-19 03:18:42','2018-08-19 03:18:42'),(702,1,15,2,2,'VIETSUB VIETNAM',81.36,'2018-08-09 00:00:00','2018-08-19 03:18:42','2018-08-19 03:18:42'),(703,1,17,2,2,'TIM HORTONS QTH N VANCOUVER BC',860.38,'2018-08-25 00:00:00','2018-08-19 03:18:42','2018-08-19 03:18:42'),(704,1,15,2,2,'CAFE VILLAGGIO VANCOUVER BC',409.14,'2018-09-14 00:00:00','2018-08-19 03:18:42','2018-08-19 03:18:42'),(705,1,17,2,2,'TIM HORTONS QTH N VANCOUVER BC',222.69,'2018-09-23 00:00:00','2018-08-19 03:18:42','2018-08-19 03:18:42'),(706,1,11,2,2,'Cable TV Bill Pmt SHAW CABLE TV',383.47,'2018-07-10 00:00:00','2018-08-19 03:18:42','2018-08-19 03:18:42'),(707,1,15,2,2,'CAFE VILLAGGIO VANCOUVER BC',299.61,'2018-09-07 00:00:00','2018-08-19 03:18:42','2018-08-19 03:18:42'),(708,1,9,2,2,'CLUBLEGENDARYPREFERRED',48.89,'2018-07-03 00:00:00','2018-08-19 03:18:42','2018-08-19 03:18:42'),(709,1,19,2,2,'LONDON DRUGS NORTH VANCOUVBC',47.31,'2018-08-16 00:00:00','2018-08-19 03:18:42','2018-08-19 03:18:42'),(710,1,17,2,2,'TIM HORTONS QTH N VANCOUVER BC',944.66,'2018-09-19 00:00:00','2018-08-19 03:18:42','2018-08-19 03:18:42'),(711,1,18,2,2,'WALMART SUPERCENTERVANCOUVER BC',865.56,'2018-09-02 00:00:00','2018-08-19 03:18:42','2018-08-19 03:18:42'),(712,1,7,2,2,'PETSMART INC.',770.99,'2018-08-24 00:00:00','2018-08-19 03:18:42','2018-08-19 03:18:42'),(713,1,15,2,2,'ALHADBAH MEDITERRANEAN FVANCOUVER BC',293.16,'2018-08-04 00:00:00','2018-08-19 03:18:42','2018-08-19 03:18:42'),(714,1,15,2,2,'CAFE VILLAGGIO VANCOUVER BC',859.65,'2018-09-08 00:00:00','2018-08-19 03:18:42','2018-08-19 03:18:42'),(715,1,15,2,2,'ALHADBAH MEDITERRANEAN FVANCOUVER BC',391.23,'2018-09-25 00:00:00','2018-08-19 03:18:43','2018-08-19 03:18:43'),(716,1,17,2,2,'STARBUCKS VANCOUVER BC',761.24,'2018-07-10 00:00:00','2018-08-19 03:18:43','2018-08-19 03:18:43'),(717,1,15,2,2,'CAFE VILLAGGIO VANCOUVER BC',156.33,'2018-07-13 00:00:00','2018-08-19 03:18:43','2018-08-19 03:18:43'),(718,1,10,2,2,'MOUNTAIN WAREHOUSE RICHMOND BC',252.06,'2018-08-06 00:00:00','2018-08-19 03:18:43','2018-08-19 03:18:43'),(719,1,18,2,2,'WALMART SUPERCENTERVANCOUVER BC',635.27,'2018-07-30 00:00:00','2018-08-19 03:18:43','2018-08-19 03:18:43'),(720,1,9,2,2,'CLUBLEGENDARYPREFERRED',609.66,'2018-07-30 00:00:00','2018-08-19 03:18:43','2018-08-19 03:18:43'),(721,1,18,2,2,'SAVE ON FOODS NORTH VANCOUVBC',425.09,'2018-08-18 00:00:00','2018-08-19 03:18:43','2018-08-19 03:18:43'),(722,1,18,2,2,'SAVE ON FOODS NORTH VANCOUVBC',304.66,'2018-08-15 00:00:00','2018-08-19 03:18:43','2018-08-19 03:18:43'),(723,1,19,2,2,'LONDON DRUGS NORTH VANCOUVBC',778.28,'2018-07-09 00:00:00','2018-08-19 03:18:43','2018-08-19 03:18:43'),(724,1,10,2,2,'MOUNTAIN WAREHOUSE RICHMOND BC',972.06,'2018-07-11 00:00:00','2018-08-19 03:18:43','2018-08-19 03:18:43'),(725,1,19,2,2,'LONDON DRUGS NORTH VANCOUVBC',44.46,'2018-09-10 00:00:00','2018-08-19 03:18:43','2018-08-19 03:18:43'),(726,1,15,2,2,'VIETSUB VIETNAM',574.21,'2018-09-22 00:00:00','2018-08-19 03:18:43','2018-08-19 03:18:43'),(727,1,17,2,2,'TIM HORTONS QTH N VANCOUVER BC',774.16,'2018-07-17 00:00:00','2018-08-19 03:18:43','2018-08-19 03:18:43'),(728,1,10,2,2,'MOUNTAIN WAREHOUSE RICHMOND BC',54.50,'2018-07-19 00:00:00','2018-08-19 03:18:43','2018-08-19 03:18:43'),(729,1,15,2,2,'VIETSUB VIETNAM',105.10,'2018-09-29 00:00:00','2018-08-19 03:18:43','2018-08-19 03:18:43'),(730,1,9,2,2,'CLUBLEGENDARYPREFERRED',100.32,'2018-07-24 00:00:00','2018-08-19 03:18:43','2018-08-19 03:18:43'),(731,1,17,2,2,'STARBUCKS VANCOUVER BC',699.87,'2018-09-23 00:00:00','2018-08-19 03:18:43','2018-08-19 03:18:43'),(732,1,19,2,2,'LONDON DRUGS NORTH VANCOUVBC',175.42,'2018-08-24 00:00:00','2018-08-19 03:18:43','2018-08-19 03:18:43'),(733,1,15,2,2,'CAFE VILLAGGIO VANCOUVER BC',615.29,'2018-08-03 00:00:00','2018-08-19 03:18:43','2018-08-19 03:18:43'),(734,1,10,2,2,'DOLLARAMA',673.29,'2018-08-26 00:00:00','2018-08-19 03:18:43','2018-08-19 03:18:43'),(735,1,15,2,2,'VIETSUB VIETNAM',975.24,'2018-08-20 00:00:00','2018-08-19 03:18:43','2018-08-19 03:18:43'),(736,1,7,2,2,'BOSLEYS BY PET VALU NORTH VANCOUVBC',151.04,'2018-09-08 00:00:00','2018-08-19 03:18:43','2018-08-19 03:18:43'),(737,1,17,2,2,'TIM HORTONS QTH N VANCOUVER BC',491.51,'2018-08-13 00:00:00','2018-08-19 03:18:43','2018-08-19 03:18:43'),(738,1,15,2,2,'CAFE VILLAGGIO VANCOUVER BC',911.98,'2018-08-19 00:00:00','2018-08-19 03:18:43','2018-08-19 03:18:43'),(739,1,10,2,2,'DOLLARAMA',652.35,'2018-07-03 00:00:00','2018-08-19 03:18:43','2018-08-19 03:18:43'),(740,1,10,2,2,'DOLLARAMA',579.63,'2018-09-06 00:00:00','2018-08-19 03:18:43','2018-08-19 03:18:43'),(741,1,18,2,2,'WALMART SUPERCENTERVANCOUVER BC',870.65,'2018-08-21 00:00:00','2018-08-19 03:18:43','2018-08-19 03:18:43'),(742,1,9,2,2,'CLUBLEGENDARYPREFERRED',229.73,'2018-09-13 00:00:00','2018-08-19 03:18:43','2018-08-19 03:18:43');
/*!40000 ALTER TABLE `transactions` ENABLE KEYS */;
UNLOCK TABLES;

--
-- Table structure for table `transactions_bk`
--

DROP TABLE IF EXISTS `transactions_bk`;
/*!40101 SET @saved_cs_client     = @@character_set_client */;
/*!40101 SET character_set_client = utf8 */;
CREATE TABLE `transactions_bk` (
  `id` int(10) unsigned NOT NULL AUTO_INCREMENT,
  `account_id` int(10) unsigned NOT NULL,
  `category_id` int(10) unsigned NOT NULL,
  `transaction_type_id` int(10) unsigned NOT NULL,
  `user_id` int(10) unsigned NOT NULL,
  `description` varchar(255) COLLATE utf8_unicode_ci NOT NULL,
  `value` decimal(14,2) NOT NULL,
  `transaction_date` timestamp NOT NULL DEFAULT CURRENT_TIMESTAMP ON UPDATE CURRENT_TIMESTAMP,
  `created_at` timestamp NULL DEFAULT NULL,
  `updated_at` timestamp NULL DEFAULT NULL,
  PRIMARY KEY (`id`),
  KEY `transactions_account_id_foreign` (`account_id`),
  KEY `transactions_category_id_foreign` (`category_id`),
  KEY `transactions_transaction_type_id_foreign` (`transaction_type_id`),
  KEY `transactions_user_id_foreign` (`user_id`)
) ENGINE=InnoDB AUTO_INCREMENT=338 DEFAULT CHARSET=utf8 COLLATE=utf8_unicode_ci;
/*!40101 SET character_set_client = @saved_cs_client */;

--
-- Dumping data for table `transactions_bk`
--

LOCK TABLES `transactions_bk` WRITE;
/*!40000 ALTER TABLE `transactions_bk` DISABLE KEYS */;
INSERT INTO `transactions_bk` VALUES (3,1,1,2,2,'Online Transfer to Deposit Account',2000.00,'2017-10-13 00:00:00','2018-01-18 05:30:45','2018-01-18 05:30:45'),(4,1,1,2,2,'ATMwithdrawal VG',1000.00,'2017-10-30 00:00:00','2018-01-18 05:30:45','2018-01-18 05:30:45'),(5,1,1,2,2,'Cash withdrawal CASH WITHDRAWAL',7.20,'2017-09-25 00:00:00','2018-01-18 05:30:45','2018-01-18 05:30:45'),(6,1,5,2,2,'Capilano Univer',3.20,'2017-09-21 00:00:00','2018-01-18 05:30:45','2018-01-18 05:30:45'),(7,1,18,2,2,'Interac purchase WALMART',187.28,'2017-09-05 00:00:00','2018-01-18 05:30:46','2018-01-18 05:30:46'),(8,1,5,2,2,'Cash withdrawal CASH WITHDRAWAL Aplicação Capilano',1.35,'2017-09-28 00:00:00','2018-01-18 05:30:46','2018-01-18 05:30:46'),(9,1,1,2,2,'Online Banking transfer',423.69,'2017-10-30 00:00:00','2018-01-18 05:30:46','2018-01-18 05:30:46'),(10,1,1,2,2,'Online Banking transfer',389.66,'2017-10-30 00:00:00','2018-01-18 05:30:46','2018-01-18 05:30:46'),(11,1,10,2,2,'MOUNTAIN WAREHOUSE RICHMOND BC',268.76,'2017-10-29 00:00:00','2018-01-18 05:30:46','2018-01-18 05:30:46'),(12,1,11,2,2,'Cable TV Bill Pmt SHAW CABLE TV',169.05,'2017-10-31 00:00:00','2018-01-18 05:30:46','2018-01-18 05:30:46'),(13,1,19,2,2,'Online Banking payment MSP GROUP',1.50,'2017-10-24 00:00:00','2018-01-18 05:30:46','2018-01-18 05:30:46'),(14,1,10,2,2,'SHOE WAREHOUSE NORTH VANCOUVBC',145.59,'2017-10-14 00:00:00','2018-01-18 05:30:46','2018-01-18 05:30:46'),(15,1,5,2,2,'SEARS CAPILANO VANCOUVER NORTH VANCOUVBC',134.39,'2017-10-14 00:00:00','2018-01-18 05:30:46','2018-01-18 05:30:46'),(16,1,59,2,2,'COMPASS AUTOLOAD BC',0.93,'2017-10-28 00:00:00','2018-01-18 05:30:46','2018-01-18 05:30:46'),(17,1,18,2,2,'WALMART SUPERCENTERVANCOUVER BC',69.02,'2017-10-14 00:00:00','2018-01-18 05:30:46','2018-01-18 05:30:46'),(18,1,1,2,2,'Cash withdrawal CASH WITHDRAWAL',7.05,'2017-09-26 00:00:00','2018-01-18 05:40:41','2018-01-18 05:40:41'),(19,1,10,2,2,'ATMwithdrawal VD',4.25,'2017-10-31 00:00:00','2018-01-18 05:40:41','2018-01-18 05:40:41'),(20,1,1,2,2,'Interac purchase NORTH VANCOUVER',156.25,'2017-09-07 00:00:00','2018-01-18 05:40:41','2018-01-18 05:40:41'),(21,1,7,2,2,'MR. PETS NORTH VANCOUVNORTH VANCOUVBC',75.03,'2017-10-22 00:00:00','2018-01-18 05:40:41','2018-01-18 05:40:41'),(22,1,7,2,2,'BOSLEYS BY PET VALU NORTH VANCOUVBC',64.95,'2017-10-13 00:00:00','2018-01-18 05:40:41','2018-01-18 05:40:41'),(23,1,1,2,2,'Online Banking transfer',59.11,'2017-10-02 00:00:00','2018-01-18 05:40:41','2018-01-18 05:40:41'),(24,1,18,2,2,'WALMART SUPERCENTERVANCOUVER BC',57.47,'2017-10-30 00:00:00','2018-01-18 05:40:41','2018-01-18 05:40:41'),(25,1,17,2,2,'Interac purchase WHITE SPOT',4.76,'2017-10-04 00:00:00','2018-01-18 05:40:41','2018-01-18 05:40:41'),(26,1,17,2,2,'Interac purchase PINE SUSHI SQUA',26.63,'2017-09-05 00:00:00','2018-01-18 05:40:41','2018-01-18 05:40:41'),(27,1,10,2,2,'HUDSON HOUSE TR Pulseira Amanda',5.59,'2017-09-14 00:00:00','2018-01-18 05:40:42','2018-01-18 05:40:42'),(28,1,1,2,2,'CENTRAL LONSDAL',0.45,'2017-10-17 00:00:00','2018-01-18 05:40:42','2018-01-18 05:40:42'),(29,1,12,2,2,'FREEDOM MOBILE INC ON',4.48,'2017-10-24 00:00:00','2018-01-18 05:40:42','2018-01-18 05:40:42'),(30,1,15,2,2,'ALHADBAH MEDITERRANEAN FVANCOUVER BC',1.15,'2017-11-01 00:00:00','2018-01-18 05:40:42','2018-01-18 05:40:42'),(31,1,15,2,2,'POK¾ TIME. VANCOUVER BC',11.81,'2017-11-07 00:00:00','2018-01-18 05:40:42','2018-01-18 05:40:42'),(32,1,15,2,2,'VIETSUB VIETNAMESE CUISINVANCOUVER BC',11.55,'2017-11-09 00:00:00','2018-01-18 05:40:42','2018-01-18 05:40:42'),(33,1,7,2,2,'Interac purchase LONSDALE VETERI',123.23,'2017-09-15 00:00:00','2018-01-18 05:40:42','2018-01-18 05:40:42'),(34,1,18,2,2,'WALMART SUPERCENTERVANCOUVER BC',115.15,'2017-09-30 00:00:00','2018-01-18 05:40:42','2018-01-18 05:40:42'),(35,1,19,2,2,'Interac purchase LONDON DRUGS',104.14,'2017-09-12 00:00:00','2018-01-18 05:40:42','2018-01-18 05:40:42'),(36,1,10,2,2,'VICTORIAS SECRET VANCOUVER BC',40.26,'2017-10-17 00:00:00','2018-01-18 05:40:42','2018-01-18 05:40:42'),(37,1,18,2,2,'YIG CITY MARKET LONS N VANCOUVER BC',37.54,'2017-10-31 00:00:00','2018-01-18 05:40:42','2018-01-18 05:40:42'),(38,1,7,2,2,'PETSMART INC.',30.77,'2017-10-10 00:00:00','2018-01-18 05:40:42','2018-01-18 05:40:42'),(39,1,5,2,2,'CHARTWELLSCAPILANO U NORTH VANCOUVBC',14.26,'2017-11-10 00:00:00','2018-01-18 05:40:43','2018-01-18 05:40:43'),(40,1,5,2,2,'CAPILANO UNIVER',0.05,'2017-11-24 00:00:00','2018-01-18 05:40:43','2018-01-18 05:40:43'),(41,1,10,2,2,'DOLLARAMA',59.77,'2017-09-05 00:00:00','2018-01-18 05:40:43','2018-01-18 05:40:43'),(42,1,19,2,2,'LONDON DRUGS NORTH VANCOUVBC',59.11,'2017-09-27 00:00:00','2018-01-18 05:40:43','2018-01-18 05:40:43'),(43,1,4,2,2,'Cheque',1425.00,'2017-11-06 00:00:00','2018-01-18 05:40:43','2018-01-18 05:40:43'),(44,1,17,2,2,'STARBUCKS N VANCOUVER BC',12.65,'2017-11-04 00:00:00','2018-01-18 05:40:43','2018-01-18 05:40:43'),(45,1,17,2,2,'STARBUCKS VANCOUVER BC',4.88,'2017-11-16 00:00:00','2018-01-18 05:40:43','2018-01-18 05:40:43'),(46,1,2,1,2,'Payroll Deposit MACHOBEAR STUDI',2103.36,'2017-10-13 00:00:00','2018-01-18 05:40:43','2018-01-18 05:40:43'),(47,1,15,2,2,'ALHADBAH MEDITERRANEAN FVANCOUVER BC',1.15,'2017-11-02 00:00:00','2018-01-18 05:47:00','2018-01-18 05:47:00'),(48,1,15,2,2,'ALHADBAH MEDITERRANEAN FVANCOUVER BC',1.15,'2017-11-03 00:00:00','2018-01-18 05:47:00','2018-01-18 05:47:00'),(49,1,17,2,2,'WHITE SPOT VANCOUVER BC',23.23,'2017-11-06 00:00:00','2018-01-18 05:47:00','2018-01-18 05:47:00'),(50,1,15,2,2,'ALHADBAH MEDITERRANEAN FVANCOUVER BC',1.15,'2017-11-08 00:00:00','2018-01-18 05:47:00','2018-01-18 05:47:00'),(51,1,15,2,2,'POK¾ TIME. VANCOUVER BC',11.81,'2017-11-14 00:00:00','2018-01-18 05:47:00','2018-01-18 05:47:00'),(52,1,15,2,2,'ALHADBAH MEDITERRANEAN FVANCOUVER BC',1.15,'2017-11-15 00:00:00','2018-01-18 05:47:00','2018-01-18 05:47:00'),(53,1,15,2,2,'VIETSUB VIETNAMESE CUISINVANCOUVER BC',14.49,'2017-11-16 00:00:00','2018-01-18 05:47:00','2018-01-18 05:47:00'),(54,1,15,2,2,'POK¾ TIME. VANCOUVER BC',11.81,'2017-11-20 00:00:00','2018-01-18 05:47:00','2018-01-18 05:47:00'),(55,1,15,2,2,'ALHADBAH MEDITERRANEAN FVANCOUVER BC',1.15,'2017-11-21 00:00:00','2018-01-18 05:47:00','2018-01-18 05:47:00'),(56,1,15,2,2,'ALHADBAH MEDITERRANEAN FVANCOUVER BC',10.45,'2017-11-22 00:00:00','2018-01-18 05:47:00','2018-01-18 05:47:00'),(57,1,15,2,2,'ALHADBAH MEDITERRANEAN FVANCOUVER BC',1.15,'2017-11-23 00:00:00','2018-01-18 05:47:00','2018-01-18 05:47:00'),(58,1,15,2,2,'VIETSUB VIETNAMESE CUISINVANCOUVER BC',12.08,'2017-11-27 00:00:00','2018-01-18 05:47:00','2018-01-18 05:47:00'),(59,1,15,2,2,'ALHADBAH MEDITERRANEAN FVANCOUVER BC',1.15,'2017-11-28 00:00:00','2018-01-18 05:47:00','2018-01-18 05:47:00'),(60,1,15,2,2,'POK¾ TIME. VANCOUVER BC',11.81,'2017-11-29 00:00:00','2018-01-18 05:47:00','2018-01-18 05:47:00'),(61,1,15,2,2,'ALHADBAH MEDITERRANEAN FVANCOUVER BC',1.15,'2017-11-30 00:00:00','2018-01-18 05:47:00','2018-01-18 05:47:00'),(62,1,15,2,2,'VIETSUB VIETNAMESE CUISINVANCOUVER BC',10.98,'2017-12-01 00:00:00','2018-01-18 05:47:00','2018-01-18 05:47:00'),(63,1,15,2,2,'ALHADBAH MEDITERRANEAN FVANCOUVER BC',10.45,'2017-12-04 00:00:00','2018-01-18 05:47:00','2018-01-18 05:47:00'),(64,1,15,2,2,'VIETSUB VIETNAMESE CUISINVANCOUVER BC',1.15,'2017-12-05 00:00:00','2018-01-18 05:47:01','2018-01-18 05:47:01'),(65,1,15,2,2,'ALHADBAH MEDITERRANEAN FVANCOUVER BC',1.15,'2017-12-06 00:00:00','2018-01-18 05:47:01','2018-01-18 05:47:01'),(66,1,15,2,2,'ALHADBAH MEDITERRANEAN FVANCOUVER BC',10.45,'2017-12-07 00:00:00','2018-01-18 05:47:01','2018-01-18 05:47:01'),(67,1,15,2,2,'CAFE VILLAGGIO VANCOUVER BC',5.09,'2017-12-08 00:00:00','2018-01-18 05:47:01','2018-01-18 05:47:01'),(68,1,15,2,2,'ALHADBAH MEDITERRANEAN FVANCOUVER BC',1.15,'2017-12-12 00:00:00','2018-01-18 05:47:01','2018-01-18 05:47:01'),(69,1,15,2,2,'POK¾ TIME. VANCOUVER BC',23.63,'2017-12-13 00:00:00','2018-01-18 05:47:01','2018-01-18 05:47:01'),(70,1,12,2,2,'FREEDOM MOBILE INC ON',42.56,'2017-10-24 00:00:00','2018-01-18 05:47:01','2018-01-18 05:47:01'),(71,1,7,2,2,'BOSLEYS BY PET VALU NORTH VANCOUVBC',39.97,'2017-10-18 00:00:00','2018-01-18 05:47:01','2018-01-18 05:47:01'),(72,1,19,2,2,'LONDON DRUGS',39.48,'2017-10-10 00:00:00','2018-01-18 05:47:01','2018-01-18 05:47:01'),(73,1,15,2,2,'VIETSUB VIETNAM',3.23,'2017-10-10 00:00:00','2018-01-18 05:47:01','2018-01-18 05:47:01'),(74,1,5,2,2,'CHARTWELLSCAPILANO U NORTH VANCOUVBC',8.48,'2017-11-17 00:00:00','2018-01-18 05:47:01','2018-01-18 05:47:01'),(75,1,5,2,2,'WWW.CAPILANOU.CA NORTH VANCOUVBC',0.05,'2017-11-23 00:00:00','2018-01-18 05:47:01','2018-01-18 05:47:01'),(76,1,5,2,2,'CHARTWELLSCAPILANO U NORTH VANCOUVBC',6.56,'2017-11-27 00:00:00','2018-01-18 05:47:01','2018-01-18 05:47:01'),(77,1,5,2,2,'CHARTWELLSCAPILANO U NORTH VANCOUVBC',14.26,'2017-12-01 00:00:00','2018-01-18 05:47:01','2018-01-18 05:47:01'),(78,1,59,2,2,'Interac purchase COMPASS VENDING',0.93,'2017-09-25 00:00:00','2018-01-18 05:47:01','2018-01-18 05:47:01'),(79,1,17,2,2,'COKE_',2.25,'2017-09-05 00:00:00','2018-01-18 05:47:01','2018-01-18 05:47:01'),(80,1,18,2,2,'Interac purchase YIG CITY MARKET',58.62,'2017-09-05 00:00:00','2018-01-18 05:47:02','2018-01-18 05:47:02'),(81,1,4,2,2,'Cheque',1425.00,'2017-12-06 00:00:00','2018-01-18 05:47:02','2018-01-18 05:47:02'),(82,1,18,2,2,'Interac purchase WALMART',51.92,'2017-09-11 00:00:00','2018-01-18 05:47:02','2018-01-18 05:47:02'),(83,1,18,2,2,'YIG CITY MARKET LONS N VANCOUVER BC',29.19,'2017-10-18 00:00:00','2018-01-18 05:47:02','2018-01-18 05:47:02'),(84,1,18,2,2,'YIG CITY MARKET LONS N VANCOUVER BC',28.15,'2017-10-13 00:00:00','2018-01-18 05:47:02','2018-01-18 05:47:02'),(85,1,17,2,2,'STARBUCKS VANCOUVER BC',4.67,'2017-11-27 00:00:00','2018-01-18 05:47:02','2018-01-18 05:47:02'),(86,1,19,2,2,'LONDON DRUGS',47.14,'2017-09-05 00:00:00','2018-01-18 05:47:02','2018-01-18 05:47:02'),(87,1,12,2,2,'WIND',4.48,'2017-09-22 00:00:00','2018-01-18 05:47:02','2018-01-18 05:47:02'),(88,1,19,2,2,'LONDON DRUGS',44.77,'2017-09-18 00:00:00','2018-01-18 05:47:02','2018-01-18 05:47:02'),(89,1,18,2,2,'YIG CITY MARKET',39.18,'2017-09-20 00:00:00','2018-01-18 05:47:02','2018-01-18 05:47:02'),(90,1,17,2,2,'EDO JAPAN',1.37,'2017-09-25 00:00:00','2018-01-18 05:47:02','2018-01-18 05:47:02'),(91,1,17,2,2,'SUBWAY',12.58,'2017-09-25 00:00:00','2018-01-18 05:47:02','2018-01-18 05:47:02'),(92,1,10,2,2,'DOLLARAMA',25.21,'2017-10-10 00:00:00','2018-01-18 05:47:02','2018-01-18 05:47:02'),(93,1,19,2,2,'Online Banking payment MSP GROUP',1.50,'2017-11-24 00:00:00','2018-01-18 05:47:02','2018-01-18 05:47:02'),(94,1,1,2,2,'Cash withdrawal CASH WITHDRAWAL',0.25,'2017-10-20 00:00:00','2018-01-18 05:47:02','2018-01-18 05:47:02'),(95,1,12,2,2,'FREEDOM MOBILE INC ON',4.48,'2017-11-22 00:00:00','2018-01-18 05:47:02','2018-01-18 05:47:02'),(96,1,12,2,2,'FREEDOM MOBILE INC ON',4.48,'2017-11-22 00:00:00','2018-01-18 05:47:03','2018-01-18 05:47:03'),(97,1,18,2,2,'YIG CITY MARKET LONS N VANCOUVER BC',31.36,'2017-09-30 00:00:00','2018-01-18 05:47:03','2018-01-18 05:47:03'),(98,1,19,2,2,'LONDON DRUGS NORTH VANCOUVBC',22.39,'2017-10-17 00:00:00','2018-01-18 05:47:03','2018-01-18 05:47:03'),(99,1,1,2,2,'Cash withdrawal CASH WITHDRAWAL',0.25,'2017-09-25 00:00:00','2018-01-18 05:47:03','2018-01-18 05:47:03'),(100,1,19,2,2,'LONDON DRUGS NORTH VANCOUVBC',20.98,'2017-10-23 00:00:00','2018-01-18 05:47:03','2018-01-18 05:47:03'),(101,1,18,2,2,'YIG CITY MARKET LONS N VANCOUVER BC',0.17,'2017-10-19 00:00:00','2018-01-18 05:47:03','2018-01-18 05:47:03'),(102,1,18,2,2,'YIG CITY MARKET LONS N VANCOUVER BC',15.64,'2017-10-25 00:00:00','2018-01-18 05:47:03','2018-01-18 05:47:03'),(103,1,5,2,2,'CHARTWELLSCAPILANO U NORTH VANCOUVBC',14.26,'2017-10-04 00:00:00','2018-01-18 05:47:03','2018-01-18 05:47:03'),(104,1,19,2,2,'LONDON DRUGS NORTH VANCOUVBC',11.54,'2017-11-02 00:00:00','2018-01-18 05:47:03','2018-01-18 05:47:03'),(105,1,19,2,2,'LONDON DRUGS NORTH VANCOUVBC',2.86,'2017-11-05 00:00:00','2018-01-18 05:47:03','2018-01-18 05:47:03'),(106,1,19,2,2,'LONDON DRUGS NORTH VANCOUVBC',32.46,'2017-11-26 00:00:00','2018-01-18 05:47:03','2018-01-18 05:47:03'),(107,1,19,2,2,'SHOPPERSDRUGMART NORTH VANCOUVBC',16.74,'2017-12-01 00:00:00','2018-01-18 05:47:03','2018-01-18 05:47:03'),(108,1,15,2,2,'VIETSUB VIETNAMESE CUISINVANCOUVER BC',13.65,'2017-10-30 00:00:00','2018-01-18 05:47:03','2018-01-18 05:47:03'),(109,1,5,2,2,'CHARTWELLSCAPILANO U NORTH VANCOUVBC',13.64,'2017-10-02 00:00:00','2018-01-18 05:47:03','2018-01-18 05:47:03'),(110,1,5,2,2,'CHARTWELLSCAPILANO U NORTH VANCOUVBC',12.59,'2017-10-25 00:00:00','2018-01-18 05:47:03','2018-01-18 05:47:03'),(111,1,17,2,2,'STARBUCKS VANCOUVER BC',12.23,'2017-10-01 00:00:00','2018-01-18 05:47:03','2018-01-18 05:47:03'),(112,1,5,2,2,'CHARTWELLSCAPILANO U NORTH VANCOUVBC',12.16,'2017-10-13 00:00:00','2018-01-18 05:47:03','2018-01-18 05:47:03'),(113,1,1,2,2,'Online Banking transfer',1789.51,'2017-11-16 00:00:00','2018-01-18 05:47:03','2018-01-18 05:47:03'),(114,1,1,2,2,'Online Banking transfer',8.87,'2017-11-21 00:00:00','2018-01-18 05:47:03','2018-01-18 05:47:03'),(115,1,1,2,2,'Online Banking transfer',0.10,'2017-12-14 00:00:00','2018-01-18 05:47:03','2018-01-18 05:47:03'),(116,1,1,2,2,'Online Banking transfer',0.10,'2017-12-14 00:00:00','2018-01-18 05:47:04','2018-01-18 05:47:04'),(117,1,1,2,2,'Online Banking transfer',3000.00,'2017-12-15 00:00:00','2018-01-18 05:47:04','2018-01-18 05:47:04'),(118,1,1,2,2,'Online Banking transfer',1800.00,'2017-12-18 00:00:00','2018-01-18 05:47:04','2018-01-18 05:47:04'),(119,1,19,2,2,'LONDON DRUGS NORTH VANCOUVBC',16.43,'2017-09-30 00:00:00','2018-01-18 05:47:04','2018-01-18 05:47:04'),(120,1,10,2,2,'DOLLARAMA',16.12,'2017-09-01 00:00:00','2018-01-18 05:47:04','2018-01-18 05:47:04'),(121,1,15,2,2,'CAFE VILLAGGIO VANCOUVER BC',9.44,'2017-12-19 00:00:00','2018-01-18 05:47:04','2018-01-18 05:47:04'),(122,1,15,2,2,'ALHADBAH MEDITERRANEAN FVANCOUVER BC',10.45,'2017-12-18 00:00:00','2018-01-18 05:47:04','2018-01-18 05:47:04'),(123,1,18,2,2,'YIG CITY MARKET LONS N VANCOUVER BC',32.96,'2017-12-17 00:00:00','2018-01-18 05:47:04','2018-01-18 05:47:04'),(124,1,17,2,2,'STARBUCKS VANCOUVER BC',9.66,'2017-12-17 00:00:00','2018-01-18 05:47:04','2018-01-18 05:47:04'),(125,1,18,2,2,'YIG CITY MARKET LONS N VANCOUVER BC',29.09,'2017-12-15 00:00:00','2018-01-18 05:47:04','2018-01-18 05:47:04'),(126,1,18,2,2,'YIG CITY MARKET LONS N VANCOUVER BC',19.11,'2017-12-26 00:00:00','2018-01-18 05:47:04','2018-01-18 05:47:04'),(127,1,18,2,2,'YIG CITY MARKET LONS N VANCOUVER BC ',38.94,'2017-12-30 00:00:00','2018-01-18 05:47:04','2018-01-18 05:47:04'),(128,1,10,2,2,'Interac purchase IKEA RICHMOND',57.05,'2017-09-05 00:00:00','2018-01-18 06:03:42','2018-01-18 06:03:42'),(129,1,17,2,2,'Interac purchase FRESH BOWL GAST',35.54,'2017-09-14 00:00:00','2018-01-18 06:03:42','2018-01-18 06:03:42'),(130,1,17,2,2,'EDO JAPAN',2.96,'2017-09-18 00:00:00','2018-01-18 06:03:42','2018-01-18 06:03:42'),(131,1,18,2,2,'YIG CITY MARKET',33.97,'2017-09-11 00:00:00','2018-01-18 06:03:42','2018-01-18 06:03:42'),(132,1,5,2,2,'CRIMINAL REC CHECK VICTORIA BC',0.28,'2017-10-25 00:00:00','2018-01-18 06:03:42','2018-01-18 06:03:42'),(133,1,10,2,2,'SQUARE ONE INSURANCE SERVVANCOUVER BC',2.74,'2017-10-23 00:00:00','2018-01-18 06:03:42','2018-01-18 06:03:42'),(134,1,10,2,2,'HOLLISTER VANCOUVER BC',2.57,'2017-10-20 00:00:00','2018-01-18 06:03:42','2018-01-18 06:03:42'),(135,1,9,2,2,'NORTH SHORE BIK',45.85,'2017-10-04 00:00:00','2018-01-18 06:03:42','2018-01-18 06:03:42'),(136,1,10,2,2,'DOLLARAMA NORTH VANCOUVBC',25.09,'2017-11-12 00:00:00','2018-01-18 06:03:43','2018-01-18 06:03:43'),(137,1,10,2,2,'DOLLARAMA NORTH VANCOUVBC',1.26,'2017-11-25 00:00:00','2018-01-18 06:03:43','2018-01-18 06:03:43'),(138,1,9,2,2,'NETFLIX.COM ON',10.99,'2017-11-27 00:00:00','2018-01-18 06:03:43','2018-01-18 06:03:43'),(139,1,10,2,2,'DOLLARAMA BURNABY BC',2.81,'2017-12-02 00:00:00','2018-01-18 06:03:43','2018-01-18 06:03:43'),(140,1,10,2,2,'DOLLARAMA VANCOUVER BC',4.48,'2017-12-03 00:00:00','2018-01-18 06:03:43','2018-01-18 06:03:43'),(141,1,10,2,2,'DRIVER SERVICES CENTRE VANCOUVER BC',0.15,'2017-12-05 00:00:00','2018-01-18 06:03:43','2018-01-18 06:03:43'),(142,1,18,2,2,'SAVE ON FOODS',32.94,'2017-09-18 00:00:00','2018-01-18 06:03:43','2018-01-18 06:03:43'),(143,1,17,2,2,'NYF',11.54,'2017-09-25 00:00:00','2018-01-18 06:03:43','2018-01-18 06:03:43'),(144,1,9,2,2,'CIRQUESOLEILSHOWSTIX QC',1.92,'2017-11-17 00:00:00','2018-01-18 06:03:43','2018-01-18 06:03:43'),(145,1,9,2,2,'LONSDALE RECREATION COMM NORTH VANCOUVBC',9.95,'2017-11-18 00:00:00','2018-01-18 06:03:43','2018-01-18 06:03:43'),(146,1,1,2,2,'DOLLARAMA NORTHVANCOUVBC',21.85,'2017-10-28 00:00:00','2018-01-18 06:03:43','2018-01-18 06:03:43'),(147,1,5,2,2,'MICHAELS N VANCOUVER BC',4.48,'2017-11-18 00:00:00','2018-01-18 06:03:43','2018-01-18 06:03:43'),(148,1,19,2,2,'LONDON DRUGS',2.95,'2017-09-11 00:00:00','2018-01-18 06:03:43','2018-01-18 06:03:43'),(149,1,10,2,2,'DOLLARAMA',0.28,'2017-09-25 00:00:00','2018-01-18 06:03:43','2018-01-18 06:03:43'),(150,1,18,2,2,'YIG CITY MARKET',23.04,'2017-09-25 00:00:00','2018-01-18 06:03:44','2018-01-18 06:03:44'),(151,1,18,2,2,'YIG CITY MARKET',21.59,'2017-09-22 00:00:00','2018-01-18 06:03:44','2018-01-18 06:03:44'),(152,1,18,2,2,'YIG CITY MARKET',20.97,'2017-09-14 00:00:00','2018-01-18 06:03:44','2018-01-18 06:03:44'),(153,1,18,2,2,'YIG CITY MARKET',20.67,'2017-10-10 00:00:00','2018-01-18 06:03:44','2018-01-18 06:03:44'),(154,1,18,2,2,'YIG CITY MARKET LONS N VANCOUVER BC',18.72,'2017-10-26 00:00:00','2018-01-18 06:03:44','2018-01-18 06:03:44'),(155,1,19,2,2,'LONDON DRUGS NORTH VANCOUVBC',17.78,'2017-10-15 00:00:00','2018-01-18 06:03:44','2018-01-18 06:03:44'),(156,1,19,2,2,'SHOPPERSDRUGMART NORTH VANCOUVBC',8.95,'2017-12-08 00:00:00','2018-01-18 06:03:44','2018-01-18 06:03:44'),(157,1,19,2,2,'SHOPPERSDRUGMART NORTH VANCOUVBC',1.23,'2017-12-08 00:00:00','2018-01-18 06:03:44','2018-01-18 06:03:44'),(158,1,5,2,2,'CHARTWELLSCAPILANO U NORTH VANCOUVBC',14.26,'2017-10-20 00:00:00','2018-01-18 06:03:44','2018-01-18 06:03:44'),(159,1,1,2,2,'Cash withdrawal CASH WITHDRAWAL',0.25,'2017-11-17 00:00:00','2018-01-18 06:03:44','2018-01-18 06:03:44'),(160,1,1,2,2,'Cash withdrawal CASH WITHDRAWAL',0.25,'2017-12-18 00:00:00','2018-01-18 06:03:44','2018-01-18 06:03:44'),(161,1,18,2,2,'YIG CITY MARKET',20.83,'2017-09-13 00:00:00','2018-01-18 06:03:44','2018-01-18 06:03:44'),(162,1,18,2,2,'YIG CITY MARKET',11.96,'2017-10-05 00:00:00','2018-01-18 06:03:44','2018-01-18 06:03:44'),(163,1,18,2,2,'YIG CITY MARKET',17.63,'2017-09-06 00:00:00','2018-01-18 06:03:44','2018-01-18 06:03:44'),(164,1,18,2,2,'YIG CITY MARKET',15.69,'2017-09-15 00:00:00','2018-01-18 06:03:44','2018-01-18 06:03:44'),(165,1,18,2,2,'YIG CITY MARKET LONS N VANCOUVER BC',14.62,'2017-09-29 00:00:00','2018-01-18 06:03:44','2018-01-18 06:03:44'),(166,1,18,2,2,'YIG CITY MARKET',14.34,'2017-09-25 00:00:00','2018-01-18 06:03:44','2018-01-18 06:03:44'),(167,1,10,2,2,'DOLLARAMA',13.44,'2017-09-14 00:00:00','2018-01-18 06:03:44','2018-01-18 06:03:44'),(168,1,18,2,2,'YIG CITY MARKET LONS N VANCOUVER BC',11.72,'2017-10-14 00:00:00','2018-01-18 06:03:44','2018-01-18 06:03:44'),(169,1,15,2,2,'VIETSUB VIETNAMESE CUISINVANCOUVER BC',11.55,'2017-10-16 00:00:00','2018-01-18 06:03:44','2018-01-18 06:03:44'),(170,1,15,2,2,'ALHADBAH MEDITERRANEAN FVANCOUVER BC',1.15,'2017-10-17 00:00:00','2018-01-18 06:03:44','2018-01-18 06:03:44'),(171,1,15,2,2,'ALHADBAH MEDITERRANEAN FVANCOUVER BC',1.15,'2017-10-24 00:00:00','2018-01-18 06:03:44','2018-01-18 06:03:44'),(172,1,15,2,2,'VIETSUB VIETNAM',11.55,'2017-09-26 00:00:00','2018-01-18 06:03:44','2018-01-18 06:03:44'),(173,1,1,1,2,'Online Banking transfer',2000.00,'2017-12-14 00:00:00','2018-01-18 06:03:45','2018-01-18 06:03:45'),(174,1,15,2,2,'ALHADBAH MEDITERRANEAN FVANCOUVER BC',1.15,'2017-10-31 00:00:00','2018-01-18 06:03:45','2018-01-18 06:03:45'),(175,1,15,2,2,'ALHADBAH MEDITERRANEAN FVANCOUVER BC',11.24,'2017-10-25 00:00:00','2018-01-18 06:03:45','2018-01-18 06:03:45'),(176,1,15,2,2,'VIETSUB VIETNAM',1.05,'2017-10-05 00:00:00','2018-01-18 06:03:45','2018-01-18 06:03:45'),(177,1,10,2,2,'MOUNTAIN WAREHOUSE RICHMOND BC',291.18,'2017-11-04 00:00:00','2018-01-18 06:03:45','2018-01-18 06:03:45'),(178,1,18,2,2,'YIG CITY MARKET LONS N VANCOUVER BC',10.47,'2017-10-23 00:00:00','2018-01-18 06:03:45','2018-01-18 06:03:45'),(179,1,2,1,2,'Payroll Deposit MACHOBEAR STUDI',2103.36,'2017-11-10 00:00:00','2018-01-18 06:03:45','2018-01-18 06:03:45'),(180,1,2,1,2,'Payroll Deposit MACHOBEAR STUDI',2103.36,'2017-11-24 00:00:00','2018-01-18 06:03:45','2018-01-18 06:03:45'),(181,1,2,1,2,'Payroll Deposit MACHOBEAR STUDI',2103.36,'2017-12-08 00:00:00','2018-01-18 06:03:45','2018-01-18 06:03:45'),(182,1,18,2,2,'YIG CITY MARKET',10.99,'2017-09-18 00:00:00','2018-01-18 06:03:45','2018-01-18 06:03:45'),(183,1,1,2,2,'Online Banking transfer',96.47,'2017-12-18 00:00:00','2018-01-18 06:03:45','2018-01-18 06:03:45'),(184,1,18,2,2,'Interac purchase YIG CITY MARKET',10.22,'2017-08-31 00:00:00','2018-01-18 06:03:45','2018-01-18 06:03:45'),(185,1,15,2,2,'VIETSUB VIETNAM',9.45,'2017-09-27 00:00:00','2018-01-18 06:03:45','2018-01-18 06:03:45'),(186,1,19,2,2,'LONDON DRUGS',9.44,'2017-09-05 00:00:00','2018-01-18 06:03:45','2018-01-18 06:03:45'),(187,1,18,2,2,'YIG CITY MARKET',9.38,'2017-09-11 00:00:00','2018-01-18 06:03:45','2018-01-18 06:03:45'),(188,1,19,2,2,'Interac purchase LONDON DRUGS',0.84,'2017-09-11 00:00:00','2018-01-18 06:03:45','2018-01-18 06:03:45'),(189,1,19,2,2,'LONDON DRUGS',8.38,'2017-09-11 00:00:00','2018-01-18 06:03:45','2018-01-18 06:03:45'),(190,1,18,2,2,'Interac purchase WALMART',6.72,'2017-09-11 00:00:00','2018-01-18 06:03:45','2018-01-18 06:03:45'),(191,1,2,1,2,'Payroll Deposit MACHOBEAR STUDI',1051.68,'2017-09-29 00:00:00','2018-01-18 06:03:45','2018-01-18 06:03:45'),(192,1,15,2,2,'ALHADBAH MEDITERRANEAN FVANCOUVER BC',10.45,'2017-10-23 00:00:00','2018-01-18 06:03:46','2018-01-18 06:03:46'),(193,1,5,2,2,'CHARTWELLSCAPILANO U NORTH VANCOUVBC',10.06,'2017-10-06 00:00:00','2018-01-18 06:03:46','2018-01-18 06:03:46'),(194,1,15,2,2,'VIETSUB VIETNAMESE CUISINVANCOUVER BC',9.45,'2017-10-19 00:00:00','2018-01-18 06:03:46','2018-01-18 06:03:46'),(195,1,15,2,2,'VIETSUB VIETNAM',9.19,'2017-10-11 00:00:00','2018-01-18 06:03:46','2018-01-18 06:03:46'),(196,1,18,2,2,'YIG CITY MARKET LONS N VANCOUVER BC',8.69,'2017-10-27 00:00:00','2018-01-18 06:03:46','2018-01-18 06:03:46'),(197,1,17,2,2,'STARBUCKS N VANCOUVER BC',0.84,'2017-10-31 00:00:00','2018-01-18 06:03:46','2018-01-18 06:03:46'),(198,1,19,2,2,'SHOPPERSDRUGMART NORTH VANCOUVBC',8.39,'2017-10-23 00:00:00','2018-01-18 06:03:46','2018-01-18 06:03:46'),(199,1,18,2,2,'YIG CITY MARKET',8.39,'2017-10-10 00:00:00','2018-01-18 06:03:46','2018-01-18 06:03:46'),(200,1,19,2,2,'SHOPPERSDRUGMART NORTH VANCOUVBC',7.83,'2017-10-16 00:00:00','2018-01-18 06:03:46','2018-01-18 06:03:46'),(201,1,18,2,2,'YIG CITY MARKET LONS N VANCOUVER BC',7.34,'2017-10-28 00:00:00','2018-01-18 06:03:46','2018-01-18 06:03:46'),(202,1,19,2,2,'LONDON DRUGS',6.55,'2017-10-10 00:00:00','2018-01-18 06:03:46','2018-01-18 06:03:46'),(203,1,18,2,2,'YIG CITY MARKET',5.05,'2017-10-10 00:00:00','2018-01-18 06:03:46','2018-01-18 06:03:46'),(204,1,5,2,2,'WWW.CAPILANOU.CA NORTH VANCOUVBC',0.05,'2017-10-25 00:00:00','2018-01-18 06:03:46','2018-01-18 06:03:46'),(205,1,18,2,2,'YIG CITY MARKET',4.49,'2017-10-12 00:00:00','2018-01-18 06:03:46','2018-01-18 06:03:46'),(206,1,18,2,2,'YIG CITY MARKET LONS N VANCOUVER BC',17.99,'2017-11-01 00:00:00','2018-01-18 06:03:46','2018-01-18 06:03:46'),(207,1,18,2,2,'YIG CITY MARKET LONS N VANCOUVER BC',10.69,'2017-11-02 00:00:00','2018-01-18 06:03:46','2018-01-18 06:03:46'),(208,1,18,2,2,'YIG CITY MARKET LONS N VANCOUVER BC',16.78,'2017-11-03 00:00:00','2018-01-18 06:03:46','2018-01-18 06:03:46'),(209,1,18,2,2,'YIG CITY MARKET LONS N VANCOUVER BC',67.55,'2017-11-04 00:00:00','2018-01-18 06:03:46','2018-01-18 06:03:46'),(210,1,18,2,2,'YIG CITY MARKET LONS N VANCOUVER BC',6.83,'2017-11-07 00:00:00','2018-01-18 06:03:46','2018-01-18 06:03:46'),(211,1,18,2,2,'YIG CITY MARKET LONS N VANCOUVER BC',5.97,'2017-11-10 00:00:00','2018-01-18 06:03:46','2018-01-18 06:03:46'),(212,1,18,2,2,'YIG CITY MARKET LONS N VANCOUVER BC',21.84,'2017-11-10 00:00:00','2018-01-18 06:03:46','2018-01-18 06:03:46'),(213,1,18,2,2,'YIG CITY MARKET LONS N VANCOUVER BC',18.29,'2017-11-11 00:00:00','2018-01-18 06:03:46','2018-01-18 06:03:46'),(214,1,18,2,2,'WALMART SUPERCENTERVANCOUVER BC',89.36,'2017-11-14 00:00:00','2018-01-18 06:03:46','2018-01-18 06:03:46'),(215,1,18,2,2,'YIG CITY MARKET LONS N VANCOUVER BC',62.43,'2017-11-15 00:00:00','2018-01-18 06:03:46','2018-01-18 06:03:46'),(216,1,18,2,2,'YIG CITY MARKET LONS N VANCOUVER BC',13.62,'2017-11-17 00:00:00','2018-01-18 06:03:47','2018-01-18 06:03:47'),(217,1,18,2,2,'YIG CITY MARKET LONS N VANCOUVER BC',41.49,'2017-11-18 00:00:00','2018-01-18 06:03:47','2018-01-18 06:03:47'),(218,1,18,2,2,'YIG CITY MARKET LONS N VANCOUVER BC',22.12,'2017-11-22 00:00:00','2018-01-18 06:03:47','2018-01-18 06:03:47'),(219,1,18,2,2,'YIG CITY MARKET LONS N VANCOUVER BC',2.54,'2017-11-23 00:00:00','2018-01-18 06:03:47','2018-01-18 06:03:47'),(220,1,18,2,2,'YIG CITY MARKET LONS N VANCOUVER BC',2.89,'2017-11-24 00:00:00','2018-01-18 06:03:47','2018-01-18 06:03:47'),(221,1,18,2,2,'YIG CITY MARKET LONS N VANCOUVER BC',32.27,'2017-11-28 00:00:00','2018-01-18 06:03:47','2018-01-18 06:03:47'),(222,1,18,2,2,'YIG CITY MARKET LONS N VANCOUVER BC',15.46,'2017-12-01 00:00:00','2018-01-18 06:03:47','2018-01-18 06:03:47'),(223,1,18,2,2,'YIG CITY MARKET LONS N VANCOUVER BC',42.16,'2017-12-02 00:00:00','2018-01-18 06:03:47','2018-01-18 06:03:47'),(224,1,18,2,2,'YIG CITY MARKET LONS N VANCOUVER BC',4.49,'2017-12-03 00:00:00','2018-01-18 06:03:47','2018-01-18 06:03:47'),(225,1,18,2,2,'YIG CITY MARKET LONS N VANCOUVER BC',17.91,'2017-12-04 00:00:00','2018-01-18 06:03:47','2018-01-18 06:03:47'),(226,1,18,2,2,'YIG CITY MARKET LONS N VANCOUVER BC',30.74,'2017-12-06 00:00:00','2018-01-18 06:03:47','2018-01-18 06:03:47'),(227,1,18,2,2,'YIG CITY MARKET LONS N VANCOUVER BC',12.88,'2017-12-08 00:00:00','2018-01-18 06:03:47','2018-01-18 06:03:47'),(228,1,18,2,2,'WALMART SUPERCENTERVANCOUVER BC',57.66,'2017-12-10 00:00:00','2018-01-18 06:03:47','2018-01-18 06:03:47'),(229,1,18,2,2,'YIG CITY MARKET LONS N VANCOUVER BC',27.08,'2017-12-12 00:00:00','2018-01-18 06:03:47','2018-01-18 06:03:47'),(230,1,7,1,2,'BOSLEYS BY PET VALU NORTH VANCOUVBC',47.03,'2017-10-14 00:00:00','2018-01-18 06:03:47','2018-01-18 06:03:47'),(231,1,59,2,2,'COMPASS AUTOLOAD BC',0.93,'2017-11-27 00:00:00','2018-01-18 06:03:47','2018-01-18 06:03:47'),(232,1,2,1,2,'Payroll Deposit MACHOBEAR STUDI',2103.36,'2017-10-27 00:00:00','2018-01-18 06:03:47','2018-01-18 06:03:47'),(233,1,11,2,2,'Cable TV Bill Pmt SHAW CABLE TV',98.56,'2017-11-30 00:00:00','2018-01-18 06:03:47','2018-01-18 06:03:47'),(234,1,1,2,2,'Online Banking transfer',451.69,'2017-12-27 00:00:00','2018-01-18 06:03:47','2018-01-18 06:03:47'),(235,1,1,2,2,'Online Banking transfer',1.00,'2017-12-27 00:00:00','2018-01-18 06:03:47','2018-01-18 06:03:47'),(236,1,1,2,2,'Online Banking transfer',1.00,'2017-12-27 00:00:00','2018-01-18 06:03:47','2018-01-18 06:03:47'),(237,1,18,2,2,'YIG CITY MARKET',65.65,'2017-12-27 00:00:00','2018-01-18 06:03:48','2018-01-18 06:03:48'),(238,1,18,2,2,'YIG CITY MARKET',47.27,'2017-12-27 00:00:00','2018-01-18 06:03:48','2018-01-18 06:03:48'),(239,1,15,2,2,'CAFE VILLAGGIO VANCOUVER BC',5.09,'2017-12-27 00:00:00','2018-01-18 06:03:48','2018-01-18 06:03:48'),(240,1,59,2,2,'COMPASS AUTOLOAD BC',0.93,'2017-12-27 00:00:00','2018-01-18 06:03:48','2018-01-18 06:03:48'),(241,1,15,2,2,'ALHADBAH MEDITERRANEAN FVANCOUVER BC',10.45,'2017-12-26 00:00:00','2018-01-18 06:03:48','2018-01-18 06:03:48'),(242,1,18,2,2,'YIG CITY MARKET LONS N VANCOUVER BC',76.78,'2017-12-22 00:00:00','2018-01-18 06:03:48','2018-01-18 06:03:48'),(243,1,12,2,2,'FREEDOM MOBILE INC ON',4.48,'2017-12-22 00:00:00','2018-01-18 06:03:48','2018-01-18 06:03:48'),(244,1,12,2,2,'FREEDOM MOBILE INC ON',4.48,'2017-12-22 00:00:00','2018-01-18 06:03:48','2018-01-18 06:03:48'),(245,1,19,2,2,'SHOPPERSDRUGMART NORTH VANCOUVBC',10.49,'2017-12-21 00:00:00','2018-01-18 06:03:48','2018-01-18 06:03:48'),(246,1,15,2,2,'VIETSUB VIETNAMESE CUISINVANCOUVER BC',13.86,'2017-12-20 00:00:00','2018-01-18 06:03:48','2018-01-18 06:03:48'),(247,1,18,2,2,'YIG CITY MARKET LONS N VANCOUVER BC',38.98,'2017-12-19 00:00:00','2018-01-18 06:03:48','2018-01-18 06:03:48'),(248,1,5,2,2,'WWW.CAPILANOU.CA NORTH VANCOUVBC',3067.84,'2017-12-15 00:00:00','2018-01-18 06:03:48','2018-01-18 06:03:48'),(249,1,5,2,2,'WWW.CAPILANOU.CA NORTH VANCOUVBC',13.00,'2017-12-15 00:00:00','2018-01-18 06:03:48','2018-01-18 06:03:48'),(250,1,5,2,2,'WWW.CAPILANOU.CA NORTH VANCOUVBC',12.00,'2017-12-14 00:00:00','2018-01-18 06:03:48','2018-01-18 06:03:48'),(251,1,19,2,2,'SHOPPERSDRUGMART NORTH VANCOUVBC',1.23,'2017-12-13 00:00:00','2018-01-18 06:03:48','2018-01-18 06:03:48'),(252,1,17,2,2,'KATSU SUSHI JAPANESE R NORTH VANCOUV BC ',2.64,'2017-12-27 00:00:00','2018-01-18 06:03:48','2018-01-18 06:03:48'),(253,1,9,2,2,'ARTISAN WINE SHOP METR BURNABY BC ',19.64,'2017-12-30 00:00:00','2018-01-18 06:03:48','2018-01-18 06:03:48'),(254,1,9,2,2,'SPORT CHEK BURNABY BC ',111.99,'2017-12-30 00:00:00','2018-01-18 06:03:48','2018-01-18 06:03:48'),(255,1,19,2,2,'LONDON DRUGS NORTH VANCOUV BC ',26.49,'2017-12-30 00:00:00','2018-01-18 06:03:48','2018-01-18 06:03:48'),(256,1,17,2,2,'CREPE DELICIOUS BURNABY BC ',11.13,'2017-12-30 00:00:00','2018-01-18 06:03:49','2018-01-18 06:03:49'),(257,1,10,2,2,'DOLLARAMA VANCOUVER BC ',0.98,'2017-12-27 00:00:00','2018-01-18 06:03:49','2018-01-18 06:03:49'),(258,1,18,2,2,'SAVE ON FOODS',23.46,'2017-10-10 00:00:00','2018-01-18 06:05:52','2018-01-18 06:05:52'),(259,1,5,2,2,'MICHAELS N VANCOUVER BC',13.98,'2017-11-25 00:00:00','2018-01-18 06:05:53','2018-01-18 06:05:53'),(260,1,9,2,2,'NETFLIX.COM ON',10.99,'2017-12-27 00:00:00','2018-01-18 06:05:53','2018-01-18 06:05:53'),(261,1,10,2,2,'SQUARE ONE INSURANCE SERVVANCOUVER BC',3.15,'2017-12-23 00:00:00','2018-01-18 06:05:53','2018-01-18 06:05:53'),(262,1,1,2,2,'DOLLARAMA NORTHVANCOUVBC',44.68,'2017-12-21 00:00:00','2018-01-18 06:05:53','2018-01-18 06:05:53'),(263,1,10,2,2,'DOLLARAMA NORTH VANCOUVBC',8.41,'2017-12-23 00:00:00','2018-01-18 06:05:53','2018-01-18 06:05:53'),(264,1,10,2,2,'DKING HAIR DESI',28.35,'2017-11-07 00:00:00','2018-01-18 06:09:25','2018-01-18 06:09:25'),(265,1,10,2,2,'CENTRAL LONSDALE POST OFFNVANCOUVER BC',25.47,'2017-11-23 00:00:00','2018-01-18 06:09:25','2018-01-18 06:09:25'),(266,1,10,2,2,'CARGO BC',6.85,'2017-11-24 00:00:00','2018-01-18 06:09:25','2018-01-18 06:09:25'),(267,1,10,2,2,'GOLDEN AGE COLLECTABLE VANCOUVER BC Amigo Secreto',50.39,'2017-12-13 00:00:00','2018-01-18 06:09:25','2018-01-18 06:09:25'),(268,1,9,2,2,'Interac purchase LA SENZA',33.54,'2017-09-25 00:00:00','2018-01-18 06:09:25','2018-01-18 06:09:25'),(269,1,9,2,2,'STANLEY PARK TRAIN VANCOUVER BC',2.52,'2017-10-28 00:00:00','2018-01-18 06:09:25','2018-01-18 06:09:25'),(270,1,10,2,2,'JETBRAINS AMERICAS INC CA',93.91,'2017-12-01 00:00:00','2018-01-18 06:09:25','2018-01-18 06:09:25'),(271,1,15,2,2,'TACOFINO YALETO',0.63,'2017-09-28 00:00:00','2018-01-18 06:09:25','2018-01-18 06:09:25'),(272,1,10,2,2,'IKEA RICHMOND',27.77,'2017-09-05 00:00:00','2018-01-18 06:09:25','2018-01-18 06:09:25'),(273,1,17,2,2,'WHITE SPOT N. VANCOUVER BC',59.74,'2017-09-29 00:00:00','2018-01-18 06:09:26','2018-01-18 06:09:26'),(274,1,9,2,2,'LEGENDARY VACATION CLU BENITO JUAREZ',192.46,'2017-11-21 00:00:00','2018-01-18 06:09:26','2018-01-18 06:09:26'),(275,1,13,2,2,'Online Banking payment BC HYDRO',52.68,'2017-11-07 00:00:00','2018-01-18 06:09:26','2018-01-18 06:09:26'),(276,1,17,2,2,'SQ FRESH BOWL FOODS LTD VANCOUVER BC',27.65,'2017-10-01 00:00:00','2018-01-18 06:09:26','2018-01-18 06:09:26'),(277,1,5,2,2,'CHARTWELLSCAPI',12.59,'2017-09-22 00:00:00','2018-01-18 06:09:26','2018-01-18 06:09:26'),(278,1,17,2,2,'Interac purchase DAEJI',11.53,'2017-10-03 00:00:00','2018-01-18 06:09:26','2018-01-18 06:09:26'),(279,1,15,2,2,'Interac purchase ALHADBAHMEDIT',1.15,'2017-10-12 00:00:00','2018-01-18 06:09:26','2018-01-18 06:09:26'),(280,1,15,2,2,'BURGER KING',9.95,'2017-10-06 00:00:00','2018-01-18 06:09:26','2018-01-18 06:09:26'),(281,1,9,2,2,'JACK LONSDALES LIQUOR STNORTH VANCOUVBC',2.92,'2017-10-13 00:00:00','2018-01-18 06:09:26','2018-01-18 06:09:26'),(282,1,17,2,2,'EDO JAPAN NORTH VANCOUVBC',2.77,'2017-10-14 00:00:00','2018-01-18 06:09:26','2018-01-18 06:09:26'),(283,1,17,2,2,'KATSU SUSHI JAPANESE RESTNORTH VANCOUVBC',0.23,'2017-10-28 00:00:00','2018-01-18 06:09:27','2018-01-18 06:09:27'),(284,1,17,2,2,'RYUU JAPANESE KITCHEN RICHMOND BC',46.43,'2017-10-29 00:00:00','2018-01-18 06:09:27','2018-01-18 06:09:27'),(285,1,17,2,2,'EDO JAPAN VANCOUVER BC',30.11,'2017-11-04 00:00:00','2018-01-18 06:09:27','2018-01-18 06:09:27'),(286,1,17,2,2,'STUARTS VANCOUVER BC Doce Granville Island',5.78,'2017-11-11 00:00:00','2018-01-18 06:09:27','2018-01-18 06:09:27'),(287,1,17,2,2,'POKE TIME VANCOUVER BC',13.91,'2017-11-21 00:00:00','2018-01-18 06:09:27','2018-01-18 06:09:27'),(288,1,15,2,2,'Interac purchase ALHADBAHMEDIT',1.15,'2017-09-20 00:00:00','2018-01-18 06:09:27','2018-01-18 06:09:27'),(289,1,17,2,2,'TIM HORTONS',10.07,'2017-09-18 00:00:00','2018-01-18 06:09:27','2018-01-18 06:09:27'),(290,1,10,2,2,'Interac purchase DOLLAR TREE',0.98,'2017-09-11 00:00:00','2018-01-18 06:09:27','2018-01-18 06:09:27'),(291,1,17,2,2,'STARBUCKS',7.25,'2017-09-28 00:00:00','2018-01-18 06:09:27','2018-01-18 06:09:27'),(292,1,17,2,2,'KATSU SUSHI JAPANESE RESTNORTH VANCOUVBC',29.05,'2017-12-10 00:00:00','2018-01-18 06:09:27','2018-01-18 06:09:27'),(293,1,9,2,2,'NORTH VANCOUVER RECREATIONORTH VANCOUVBC',103.38,'2017-12-10 00:00:00','2018-01-18 06:09:27','2018-01-18 06:09:27'),(294,1,9,2,2,'JACK LONSDALES LIQUOR STNORTH VANCOUVBC',63.91,'2017-12-01 00:00:00','2018-01-18 06:10:23','2018-01-18 06:10:23'),(295,1,5,2,2,'CHARTWELLSCAPI',12.24,'2017-09-29 00:00:00','2018-01-18 06:10:23','2018-01-18 06:10:23'),(296,1,17,2,2,'POKE TIME VANCOUVER BC',25.73,'2017-12-03 00:00:00','2018-01-18 06:10:23','2018-01-18 06:10:23'),(297,1,15,2,2,'Interac purchase ALHADBAHMEDIT',10.45,'2017-10-02 00:00:00','2018-01-18 06:10:23','2018-01-18 06:10:23'),(298,1,15,2,2,'Interac purchase ALHADBAHMEDIT',1.15,'2017-09-21 00:00:00','2018-01-18 06:10:23','2018-01-18 06:10:23'),(299,1,15,2,2,'Interac purchase ALHADBAHMEDIT',10.45,'2017-10-10 00:00:00','2018-01-18 06:10:23','2018-01-18 06:10:23'),(300,1,5,2,2,'CHARTWELLSCAPI',10.49,'2017-09-15 00:00:00','2018-01-18 06:10:23','2018-01-18 06:10:23'),(301,1,15,2,2,'Interac purchase ALHADBAHMEDIT',10.45,'2017-09-19 00:00:00','2018-01-18 06:10:23','2018-01-18 06:10:23'),(302,1,15,2,2,'Interac purchase ALHADBAHMEDIT',10.45,'2017-09-25 00:00:00','2018-01-18 06:10:23','2018-01-18 06:10:23'),(303,1,17,2,2,'EDO JAPAN VANCOUVER BC',23.24,'2017-12-13 00:00:00','2018-01-18 06:10:23','2018-01-18 06:10:23'),(304,1,17,2,2,'POKE TIME VANCOUVER BC',23.63,'2017-12-16 00:00:00','2018-01-18 06:10:23','2018-01-18 06:10:23'),(305,1,17,2,2,'KATSU SUSHI JAPANESE RESTNORTH VANCOUVBC',2.64,'2017-12-27 00:00:00','2018-01-18 06:10:23','2018-01-18 06:10:23'),(306,1,7,2,2,'PETSMART INC. VANCOUVER BC',21.13,'2017-12-23 00:00:00','2018-01-18 06:10:23','2018-01-18 06:10:23'),(307,1,18,2,2,'SAVE ON FOODS VANCOUVER BC',4.89,'2017-12-23 00:00:00','2018-01-18 06:10:24','2018-01-18 06:10:24'),(308,1,9,2,2,'CINEPLEX VANCOUVER BC',7.99,'2017-12-12 00:00:00','2018-01-18 06:10:24','2018-01-18 06:10:24'),(309,1,9,2,2,'CLUBLEGENDARYPREFERRED BENITO JUAREZ . USD .',19.37,'2017-12-19 00:00:00','2018-01-18 06:10:24','2018-01-18 06:10:24'),(310,1,9,2,2,'CDN TIRE STORE VANCOUVER BC',49.27,'2017-12-23 00:00:00','2018-01-18 06:10:24','2018-01-18 06:10:24'),(311,1,9,2,2,'NORTH VAN FLORIST NORTH VANCOUV BC ',4.47,'2017-12-31 00:00:00','2018-01-18 06:10:24','2018-01-18 06:10:24'),(312,1,17,2,2,'JORDAN SUSHI NORTH VANCOUVBC',42.02,'2017-11-26 00:00:00','2018-01-18 06:13:50','2018-01-18 06:13:50'),(313,1,17,2,2,'AW BURNABY BC',10.69,'2017-11-30 00:00:00','2018-01-18 06:13:50','2018-01-18 06:13:50'),(314,1,17,2,2,'DAIRY QUEEN ORA',11.95,'2017-09-25 00:00:00','2018-01-18 06:13:50','2018-01-18 06:13:50'),(315,1,15,2,2,'WESTIN BAYSHORE STARBUCKSVANCOUVER BC',11.24,'2017-10-12 00:00:00','2018-01-18 06:13:50','2018-01-18 06:13:50'),(316,1,15,2,2,'WESTIN BAYSHORE',5.51,'2017-09-29 00:00:00','2018-01-18 06:13:50','2018-01-18 06:13:50'),(317,1,17,2,2,'HARU KOREAN KITCHEN VANCOUVER BC',33.21,'2017-12-10 00:00:00','2018-01-18 06:13:51','2018-01-18 06:13:51'),(318,1,18,2,2,'SAFEWAY',8.97,'2017-10-10 00:00:00','2018-01-18 06:13:51','2018-01-18 06:13:51'),(319,1,17,2,2,'TIM HORTONS QTH NORTH VANCOUVBC',8.91,'2017-10-29 00:00:00','2018-01-18 06:13:51','2018-01-18 06:13:51'),(320,1,10,2,2,'DISTRICT FACTOR Presente Julia',6.71,'2017-10-10 00:00:00','2018-01-18 06:13:51','2018-01-18 06:13:51'),(321,1,15,2,2,'WESTIN BAYSHORE BANQUETS VANCOUVER BC',4.46,'2017-10-18 00:00:00','2018-01-18 06:13:51','2018-01-18 06:13:51'),(322,1,18,2,2,'SAVE ON FOODS NORTH VANCOUVBC',18.06,'2017-11-23 00:00:00','2018-01-18 06:13:51','2018-01-18 06:13:51'),(323,1,18,2,2,'SAFEWAY VANCOUVER BC',0.01,'2017-12-05 00:00:00','2018-01-18 06:13:51','2018-01-18 06:13:51'),(324,1,18,2,2,'SAVE ON FOODS NORTH VANCOUVBC',9.78,'2017-12-10 00:00:00','2018-01-18 06:13:51','2018-01-18 06:13:51'),(325,1,10,2,2,'MOUNTAIN EQUPMENT COOP N.VANCOUVER BC MEC',69.96,'2017-11-26 00:00:00','2018-01-18 06:13:51','2018-01-18 06:13:51'),(326,1,7,2,2,'PETSMART INC. NORTH VANCOUVBC',107.72,'2017-12-05 00:00:00','2018-01-18 06:13:51','2018-01-18 06:13:51'),(327,1,2,1,2,'MACHOBEAR STUDI',2103.36,'2017-12-22 00:00:00','2018-01-18 06:13:51','2018-01-18 06:13:51'),(328,1,10,1,2,'CASH WITHDRAWAL',18.00,'2017-12-18 00:00:00','2018-01-18 06:13:52','2018-01-18 06:13:52'),(329,1,10,2,2,'Cash withdrawal ',0.25,'2017-12-18 00:00:00','2018-01-18 06:13:52','2018-01-18 06:13:52'),(330,1,17,2,2,'TIM HORTONS QTH N VANCOUVER BC',7.59,'2017-12-21 00:00:00','2018-01-18 06:13:52','2018-01-18 06:13:52'),(331,1,10,2,2,'BED BATH BEYOND NVANCOUVER BC',50.38,'2017-12-20 00:00:00','2018-01-18 06:13:52','2018-01-18 06:13:52'),(332,1,17,2,2,'THAI EXPRESS METROTOWN BURNABY BC',24.63,'2017-12-17 00:00:00','2018-01-18 06:13:52','2018-01-18 06:13:52'),(333,1,17,2,2,'SUSHI MAN NORTH VANCOUVBC',32.73,'2017-12-21 00:00:00','2018-01-18 06:13:52','2018-01-18 06:13:52'),(334,1,5,2,2,'Amazon.ca AMAZON.CA ON',53.69,'2017-12-28 00:00:00','2018-01-18 06:13:52','2018-01-18 06:13:52'),(335,1,5,2,2,'Amazon Marketplce CA WWW.AMAZON.CAON',27.79,'2017-12-27 00:00:00','2018-01-18 06:13:52','2018-01-18 06:13:52'),(336,1,17,2,2,'KOYA JAPAN KOYO BURNABY BC',1.08,'2017-12-27 00:00:00','2018-01-18 06:13:52','2018-01-18 06:13:52'),(337,1,10,2,2,'BED BATH BEYOND NVANCOUVER BC',32.48,'2017-12-26 00:00:00','2018-01-18 06:13:52','2018-01-18 06:13:52');
/*!40000 ALTER TABLE `transactions_bk` ENABLE KEYS */;
UNLOCK TABLES;

--
-- Table structure for table `users`
--

DROP TABLE IF EXISTS `users`;
/*!40101 SET @saved_cs_client     = @@character_set_client */;
/*!40101 SET character_set_client = utf8 */;
CREATE TABLE `users` (
  `id` int(10) unsigned NOT NULL AUTO_INCREMENT,
  `account_id` int(10) unsigned NOT NULL,
  `name` varchar(255) COLLATE utf8_unicode_ci NOT NULL,
  `email` varchar(255) COLLATE utf8_unicode_ci NOT NULL,
  `password` varchar(255) COLLATE utf8_unicode_ci NOT NULL,
  `remember_token` varchar(100) COLLATE utf8_unicode_ci DEFAULT NULL,
  `is_active` smallint(6) NOT NULL DEFAULT '1',
  `created_at` timestamp NULL DEFAULT NULL,
  `updated_at` timestamp NULL DEFAULT NULL,
  PRIMARY KEY (`id`),
  UNIQUE KEY `users_email_unique` (`email`),
  KEY `users_account_id_foreign` (`account_id`),
  CONSTRAINT `users_account_id_foreign` FOREIGN KEY (`account_id`) REFERENCES `accounts` (`id`)
) ENGINE=InnoDB AUTO_INCREMENT=7 DEFAULT CHARSET=utf8 COLLATE=utf8_unicode_ci;
/*!40101 SET character_set_client = @saved_cs_client */;

--
-- Dumping data for table `users`
--

LOCK TABLES `users` WRITE;
/*!40000 ALTER TABLE `users` DISABLE KEYS */;
INSERT INTO `users` VALUES (1,1,'Adminstrador','admin@financeiro.com.br','$2y$10$Pz3PtmdHRXzBlT3uzhHFUekH5Km0XRifpEBhkAqspq00nd.nJ/CjG','jdLS3ev1lySU9PbAac9iDp8iIhMN3qMYjupDxQfLSJx2KYfaBgXKjIf7f4qd',0,'2018-01-13 06:24:57','2018-01-14 06:02:35'),(2,1,'Ricardo Mendes','ricardo@financeiro.com.br','$2y$10$h5Fc22QrW6mjFRvU1ewMsuJObLZzRt3zYoxR.xjHBOdzw/tGnztBa','1jedAiI63BmAZIEKVefYXOrDVopo2MpPpzcgzkZBGj6iNKej4RWlKW50Rik6',1,'2018-01-13 06:24:57','2018-08-19 06:23:03'),(3,1,'Amanda','amanda@financeiro.com.br','$2y$10$AwdLIW15P5GYqlip1L64..AC1/Y7MxX9vKphtyHxoA9flXGFOjCdK','uCM64DBqYTzsW4g9AiSJtalkkkjoRKrYfipZC6C930Lw4MzPGCyovM8yEzRl',1,'2018-01-13 06:24:57','2018-01-17 07:03:31'),(4,3,'Diego','diego@financeiro.com.br','$2y$10$CWrK6rvG1g2/bp8IJZ9BWuH7t6UlfipKP4u0P/JEHvSU3N0QwIvyC','yXaquszIgp4iEmm2Owq0JYfpcbm5dUHy8JH4nImFhyc0xtddNH0ZGxJf7wz6',1,'2018-01-14 07:01:40','2018-01-14 07:07:52'),(6,5,'Andre','andre@financeiro.com.br','$2y$10$XEm/qTiMtSj/AFZi1tm5u.NT8vt1FDEajR8ShqXNR343JD86xA9w2','FPdWepstfHuvwRFQhgjBCVUVhBPseuoVDhGa2FBHA1Jl1s6R29HiYwyMqqX2',1,'2018-01-14 07:16:59','2018-01-15 05:54:38');
/*!40000 ALTER TABLE `users` ENABLE KEYS */;
UNLOCK TABLES;

--
-- Dumping routines for database 'financeiro'
--
/*!50003 DROP PROCEDURE IF EXISTS `sp_statement` */;
/*!50003 SET @saved_cs_client      = @@character_set_client */ ;
/*!50003 SET @saved_cs_results     = @@character_set_results */ ;
/*!50003 SET @saved_col_connection = @@collation_connection */ ;
/*!50003 SET character_set_client  = utf8 */ ;
/*!50003 SET character_set_results = utf8 */ ;
/*!50003 SET collation_connection  = utf8_general_ci */ ;
/*!50003 SET @saved_sql_mode       = @@sql_mode */ ;
/*!50003 SET sql_mode              = 'STRICT_TRANS_TABLES' */ ;
DELIMITER ;;
CREATE DEFINER=`root`@`%` PROCEDURE `sp_statement`(IN dataIni varchar(10), IN dataFim varchar(10), IN accountID int, IN transactionType int)
BEGIN

  set @dataIni := concat_ws(' ', dataIni, '00:00:00');
  set @dataFim := concat_ws(' ', dataFim, '23:59:59');
  set @accountID := accountID;
  set @transactionType:= transactionType;

    #Transactions
    select
      date_format(transactions.transaction_date, '%Y%m') as yearmonth,
      year(transactions.transaction_date) as year,
      month(transactions.transaction_date) as month,
      categories.id as category_id,
      categories.name as category,

      (select
         sum(p.value) as val
       from provisions p
         join categories c on c.id = p.category_id
       where
         c.id = categories.id
         and p.transaction_type_id = @transactionType
         and p.account_id = @accountID
         and (transactions.transaction_date >= p.start_at and transactions.transaction_date <= p.valid_until)
      ) as provisioned_value,

      (select
         sum(t.value)
       from transactions t
       where t.category_id = categories.id
             and t.transaction_type_id = transactions.transaction_type_id
             and t.account_id = transactions.account_id
             and t.transaction_date between @dataIni and @dataFim
      ) as posted_value,

      sum(distinct transactions.value) as posted_value_distinct
    from transactions
      inner join transaction_types on transaction_types.id = transactions.transaction_type_id
      inner join categories on categories.account_id = @accountID and categories.id = transactions.category_id
      left  join provisions p on p.category_id = categories.id
                                 and p.transaction_type_id = @transactionType
                                 and p.account_id = @accountID
                                 and (transactions.created_at >= p.start_at and transactions.created_at <= p.valid_until)
    where
      transactions.account_id = @accountID and
      transactions.transaction_type_id = @transactionType
      and transactions.transaction_date between @dataIni and @dataFim
    group by date_format(transactions.transaction_date, '%Y%m'), categories.id, categories.name

    union all

    #Provisions with no transactions
    select
      null,
      null,
      null,
      categories.id,
      categories.name,
      provisions.value,
      0.00,
      0.00
    from provisions
      join categories on categories.id = provisions.category_id
      left join transactions on transactions.category_id = categories.id
                                and transactions.account_id = provisions.account_id
                                and transactions.transaction_type_id = provisions.transaction_type_id
                                and transactions.transaction_date between @dataIni and @dataFim
    where
      provisions.start_at <= @dataIni
      and provisions.valid_until >= @dataFim
      and provisions.transaction_type_id = @transactionType
      and provisions.account_id = @accountID
      and
      transactions.id is null
    group by categories.id, provisions.value;

END ;;
DELIMITER ;
/*!50003 SET sql_mode              = @saved_sql_mode */ ;
/*!50003 SET character_set_client  = @saved_cs_client */ ;
/*!50003 SET character_set_results = @saved_cs_results */ ;
/*!50003 SET collation_connection  = @saved_col_connection */ ;
/*!40103 SET TIME_ZONE=@OLD_TIME_ZONE */;

/*!40101 SET SQL_MODE=@OLD_SQL_MODE */;
/*!40014 SET FOREIGN_KEY_CHECKS=@OLD_FOREIGN_KEY_CHECKS */;
/*!40014 SET UNIQUE_CHECKS=@OLD_UNIQUE_CHECKS */;
/*!40101 SET CHARACTER_SET_CLIENT=@OLD_CHARACTER_SET_CLIENT */;
/*!40101 SET CHARACTER_SET_RESULTS=@OLD_CHARACTER_SET_RESULTS */;
/*!40101 SET COLLATION_CONNECTION=@OLD_COLLATION_CONNECTION */;
/*!40111 SET SQL_NOTES=@OLD_SQL_NOTES */;

-- Dump completed on 2018-08-19  6:47:12
